amount,Pengeluaran,year,month,day,category_0,category_1,category_2,account_Cash,account_Metro Card,account_Salary Bank,account_Savings Bank,type_0,type_1,type_2,Cluster
45.0,45000.0,2024,8,11,True,False,False,False,False,False,True,True,False,False,1
40.0,40000.0,2024,8,10,False,True,False,True,False,False,False,True,False,False,1
10.0,10000.0,2024,8,9,False,False,True,True,False,False,False,True,False,False,2
200.0,200000.0,2024,8,7,True,False,False,False,False,False,True,True,False,False,3
4.0,4000.0,2024,8,4,True,False,False,False,False,True,False,False,True,False,2
500.0,500000.0,2024,8,4,True,False,False,False,False,False,True,True,False,False,0
30.0,30000.0,2024,8,2,True,False,False,False,False,True,False,True,False,False,1
100.0,100000.0,2024,8,2,False,False,True,False,False,False,True,True,False,False,3
74.0,74000.0,2024,8,2,False,False,True,True,False,False,False,True,False,False,1
102.0,102000.0,2024,8,2,False,False,True,False,False,False,True,True,False,False,3
152.0,152000.0,2024,8,1,True,False,False,False,False,False,True,True,False,False,3
500.0,500000.0,2024,8,1,True,False,False,False,False,False,True,True,False,False,0
22.0,22000.0,2024,7,31,True,False,False,False,False,False,True,True,False,False,2
300.0,300000.0,2024,7,31,True,False,False,False,False,False,True,True,False,False,3
70.0,70000.0,2024,7,26,False,True,False,False,False,False,True,True,False,False,1
0.0,0.0,2024,7,20,False,False,True,False,False,False,True,False,True,False,2
30.0,30000.0,2024,7,20,False,True,False,True,False,False,False,True,False,False,1
50.0,50000.0,2024,7,20,True,False,False,True,False,False,False,True,False,False,1
3.0,3000.0,2024,7,15,False,False,True,True,False,False,False,True,False,False,2
35.0,35000.0,2024,7,15,True,False,False,False,False,False,True,True,False,False,1
171.0,171000.0,2024,7,14,True,False,False,True,False,False,False,True,False,False,3
90.0,90000.0,2024,7,14,True,False,False,True,False,False,False,True,False,False,1
41.0,41000.0,2024,7,12,False,False,True,False,False,True,False,False,True,False,1
300.0,300000.0,2024,7,12,True,False,False,False,False,False,True,True,False,False,3
50.0,50000.0,2024,7,12,False,False,True,True,False,False,False,True,False,False,1
50.0,50000.0,2024,7,12,False,False,True,False,False,False,True,True,False,False,1
50.0,50000.0,2024,7,10,True,False,False,True,False,False,False,True,False,False,1
30.0,30000.0,2024,7,10,False,True,False,True,False,False,False,True,False,False,1
30.0,30000.0,2024,7,7,False,True,False,False,False,True,False,True,False,False,1
199.0,199000.0,2024,7,3,True,False,False,False,False,False,True,True,False,False,3
200.0,200000.0,2024,7,3,True,False,False,False,False,False,True,True,False,False,3
120.0,120000.0,2024,7,2,False,True,False,True,False,False,False,True,False,False,3
500.0,500000.0,2024,7,1,True,False,False,False,False,False,True,True,False,False,0
259.0,259000.0,2024,7,1,True,False,False,False,False,False,True,True,False,False,3
13.0,13000.0,2024,7,1,True,False,False,False,False,True,False,True,False,False,2
42.0,42000.0,2024,7,1,True,False,False,True,False,False,False,True,False,False,1
520.0,520000.0,2024,6,30,False,True,False,False,False,False,True,True,False,False,0
60.0,60000.0,2024,6,30,False,True,False,False,False,True,False,True,False,False,1
35.0,35000.0,2024,6,30,True,False,False,False,False,False,True,True,False,False,1
71.0,71000.0,2024,6,30,False,False,True,False,False,False,True,False,True,False,1
20.0,20000.0,2024,6,29,False,True,False,True,False,False,False,True,False,False,2
180.0,180000.0,2024,6,29,False,False,True,True,False,False,False,True,False,False,3
30.0,30000.0,2024,6,29,False,True,False,True,False,False,False,True,False,False,1
20.0,20000.0,2024,6,29,False,True,False,True,False,False,False,True,False,False,2
266.9,266900.0,2024,6,29,True,False,False,False,False,False,True,True,False,False,3
25.0,25000.0,2024,6,28,False,True,False,True,False,False,False,True,False,False,1
30.0,30000.0,2024,6,28,False,False,True,True,False,False,False,True,False,False,1
10.0,10000.0,2024,6,28,False,True,False,True,False,False,False,True,False,False,2
10.0,10000.0,2024,6,28,False,True,False,True,False,False,False,True,False,False,2
358.0,358000.0,2024,6,28,False,False,True,True,False,False,False,True,False,False,0
40.0,40000.0,2024,6,27,False,True,False,True,False,False,False,True,False,False,1
20.0,20000.0,2024,6,27,False,False,True,True,False,False,False,True,False,False,2
20.0,20000.0,2024,6,27,False,False,True,True,False,False,False,True,False,False,2
207.0,207000.0,2024,6,27,False,True,False,True,False,False,False,True,False,False,3
100.0,100000.0,2024,6,27,True,False,False,True,False,False,False,True,False,False,3
95.0,95000.0,2024,6,27,False,True,False,True,False,False,False,True,False,False,3
50.0,50000.0,2024,6,27,False,False,True,True,False,False,False,True,False,False,1
500.0,500000.0,2024,6,27,True,False,False,True,False,False,False,True,False,False,0
150.0,150000.0,2024,6,27,True,False,False,False,False,False,True,True,False,False,3
20.0,20000.0,2024,6,27,False,False,True,True,False,False,False,True,False,False,2
10.0,10000.0,2024,6,27,False,False,True,False,False,True,False,True,False,False,2
200.0,200000.0,2024,6,27,True,False,False,True,False,False,False,True,False,False,3
0.0,0.0,2024,6,27,True,False,False,False,False,True,False,False,False,True,2
200.0,200000.0,2024,6,26,False,False,True,False,False,True,False,True,False,False,3
20.0,20000.0,2024,6,26,False,False,True,False,False,True,False,True,False,False,2
20.0,20000.0,2024,6,24,True,False,False,False,False,True,False,True,False,False,2
240.0,240000.0,2024,6,23,True,False,False,False,False,True,False,True,False,False,3
20.0,20000.0,2024,6,23,False,False,True,False,False,True,False,True,False,False,2
70.0,70000.0,2024,6,23,False,True,False,False,False,True,False,True,False,False,1
102.0,102000.0,2024,6,23,False,False,True,False,False,True,False,True,False,False,3
44.0,44000.0,2024,6,23,False,True,False,False,False,True,False,True,False,False,1
600.0,600000.0,2024,6,23,True,False,False,False,False,True,False,True,False,False,0
40.0,40000.0,2024,6,21,False,False,True,False,False,True,False,True,False,False,1
60.0,60000.0,2024,6,20,False,False,True,False,False,True,False,True,False,False,1
20.0,20000.0,2024,6,20,False,True,False,False,False,True,False,True,False,False,2
259.0,259000.0,2024,6,20,True,False,False,False,False,True,False,True,False,False,3
20.0,20000.0,2024,6,19,True,False,False,False,False,True,False,True,False,False,2
20.0,20000.0,2024,6,17,False,True,False,True,False,False,False,True,False,False,2
260.0,260000.0,2024,6,17,False,False,True,True,False,False,False,True,False,False,3
20.0,20000.0,2024,6,17,False,True,False,True,False,False,False,True,False,False,2
35.0,35000.0,2024,6,17,True,False,False,False,False,True,False,False,True,False,1
250.0,250000.0,2024,6,17,False,True,False,False,False,True,False,True,False,False,3
120.0,120000.0,2024,6,17,False,False,True,True,False,False,False,True,False,False,3
500.0,500000.0,2024,6,16,True,False,False,True,False,False,False,True,False,False,0
170.0,170000.0,2024,6,16,False,False,True,False,False,True,False,True,False,False,3
200.0,200000.0,2024,6,16,False,True,False,False,False,True,False,True,False,False,3
500.0,500000.0,2024,6,16,True,False,False,True,False,False,False,True,False,False,0
0.0,0.0,2024,6,16,True,False,False,False,False,True,False,False,False,True,2
35.0,35000.0,2024,6,16,True,False,False,False,False,True,False,True,False,False,1
500.0,500000.0,2024,6,15,True,False,False,False,False,True,False,True,False,False,0
100.0,100000.0,2024,6,14,False,False,True,True,False,False,False,True,False,False,3
100.0,100000.0,2024,6,14,True,False,False,True,False,False,False,False,True,False,3
100.0,100000.0,2024,6,14,False,False,True,False,False,True,False,True,False,False,3
208.5,208500.0,2024,6,13,False,True,False,False,False,True,False,True,False,False,3
200.0,200000.0,2024,6,13,False,False,True,False,False,True,False,True,False,False,3
10.0,10000.0,2024,6,11,False,True,False,False,False,True,False,True,False,False,2
30.0,30000.0,2024,6,10,False,True,False,False,False,True,False,True,False,False,1
200.0,200000.0,2024,6,9,False,False,True,False,False,True,False,True,False,False,3
799.0,799000.0,2024,6,9,True,False,False,False,False,True,False,True,False,False,0
198.88,198880.0,2024,6,9,False,True,False,False,False,True,False,True,False,False,3
500.0,500000.0,2024,6,7,True,False,False,False,False,True,False,True,False,False,0
90.0,90000.0,2024,6,7,False,True,False,False,False,True,False,True,False,False,1
100.0,100000.0,2024,6,7,True,False,False,False,False,True,False,True,False,False,3
100.0,100000.0,2024,6,7,False,False,True,False,False,True,False,True,False,False,3
200.0,200000.0,2024,6,7,True,False,False,False,False,True,False,False,True,False,3
100.0,100000.0,2024,6,7,True,False,False,True,False,False,False,False,True,False,3
175.0,175000.0,2024,6,5,True,False,False,False,False,True,False,True,False,False,3
200.0,200000.0,2024,6,5,True,False,False,False,False,False,True,True,False,False,3
0.0,0.0,2024,6,5,True,False,False,False,False,True,False,False,False,True,2
35.0,35000.0,2024,6,5,True,False,False,False,False,True,False,False,True,False,1
30.0,30000.0,2024,6,5,False,True,False,False,False,True,False,True,False,False,1
67.0,67000.0,2024,6,5,False,False,True,True,False,False,False,True,False,False,1
155.0,155000.0,2024,6,5,True,False,False,False,False,False,True,True,False,False,3
10.0,10000.0,2024,6,5,False,False,True,False,False,True,False,True,False,False,2
199.0,199000.0,2024,6,5,True,False,False,False,False,True,False,True,False,False,3
200.0,200000.0,2024,6,5,True,False,False,False,False,True,False,False,True,False,3
70.0,70000.0,2024,6,5,True,False,False,False,False,True,False,False,True,False,1
200.0,200000.0,2024,6,4,True,False,False,False,False,True,False,True,False,False,3
90.0,90000.0,2024,6,3,False,True,False,True,False,False,False,True,False,False,1
300.0,300000.0,2024,6,3,True,False,False,False,False,False,True,True,False,False,3
100.0,100000.0,2024,6,3,False,False,True,False,False,True,False,True,False,False,3
520.0,520000.0,2024,5,31,False,True,False,False,False,False,True,True,False,False,0
54.0,54000.0,2024,5,31,False,False,True,False,False,True,False,True,False,False,1
30.0,30000.0,2024,5,31,False,True,False,False,False,True,False,True,False,False,1
100.0,100000.0,2024,5,31,False,False,True,False,False,True,False,True,False,False,3
10.0,10000.0,2024,5,31,True,False,False,True,False,False,False,True,False,False,2
190.0,190000.0,2024,5,30,False,True,False,False,False,True,False,True,False,False,3
35.0,35000.0,2024,5,30,True,False,False,False,False,False,True,True,False,False,1
35.0,35000.0,2024,5,29,False,True,False,False,False,True,False,True,False,False,1
11.0,11000.0,2024,5,29,True,False,False,False,False,True,False,False,True,False,2
30.0,30000.0,2024,5,29,False,True,False,False,False,True,False,True,False,False,1
160.0,160000.0,2024,5,28,True,False,False,False,False,True,False,True,False,False,3
30.0,30000.0,2024,5,28,False,False,True,True,False,False,False,True,False,False,1
35.0,35000.0,2024,5,28,False,True,False,False,False,True,False,True,False,False,1
0.0,0.0,2024,5,28,True,False,False,False,False,True,False,False,False,True,2
20.0,20000.0,2024,5,28,False,False,True,True,False,False,False,True,False,False,2
155.0,155000.0,2024,5,27,True,False,False,False,False,True,False,True,False,False,3
500.0,500000.0,2024,5,27,True,False,False,False,False,True,False,True,False,False,0
56.0,56000.0,2024,5,27,False,False,True,False,False,True,False,True,False,False,1
30.0,30000.0,2024,5,27,False,True,False,False,False,True,False,True,False,False,1
4.0,4000.0,2024,5,26,True,False,False,True,False,False,False,True,False,False,2
250.0,250000.0,2024,5,26,True,False,False,False,False,True,False,True,False,False,3
20.0,20000.0,2024,5,26,True,False,False,False,False,True,False,True,False,False,2
20.0,20000.0,2024,5,25,False,True,False,False,False,True,False,True,False,False,2
60.0,60000.0,2024,5,25,False,True,False,False,False,True,False,True,False,False,1
70.0,70000.0,2024,5,25,False,True,False,False,False,True,False,True,False,False,1
20.0,20000.0,2024,5,25,False,False,True,False,False,True,False,True,False,False,2
40.0,40000.0,2024,5,24,False,False,True,True,False,False,False,True,False,False,1
20.0,20000.0,2024,5,24,False,False,True,False,False,True,False,True,False,False,2
30.0,30000.0,2024,5,24,False,True,False,False,False,True,False,True,False,False,1
555.0,555000.0,2024,5,24,True,False,False,False,False,True,False,True,False,False,0
30.0,30000.0,2024,5,23,False,True,False,False,False,True,False,True,False,False,1
259.0,259000.0,2024,5,21,True,False,False,False,False,True,False,True,False,False,3
470.82,470820.0,2024,5,21,True,False,False,False,False,True,False,True,False,False,0
10.0,10000.0,2024,5,21,False,True,False,False,False,True,False,True,False,False,2
50.0,50000.0,2024,5,21,True,False,False,False,False,True,False,True,False,False,1
35.0,35000.0,2024,5,21,False,True,False,False,False,True,False,True,False,False,1
100.0,100000.0,2024,5,21,False,False,True,False,False,True,False,True,False,False,3
40.0,40000.0,2024,5,21,False,False,True,True,False,False,False,True,False,False,1
75.0,75000.0,2024,5,20,False,True,False,False,False,True,False,True,False,False,1
20.0,20000.0,2024,5,20,False,True,False,False,False,True,False,True,False,False,2
35.0,35000.0,2024,5,19,True,False,False,False,False,True,False,True,False,False,1
35.0,35000.0,2024,5,19,True,False,False,False,False,True,False,True,False,False,1
14.0,14000.0,2024,5,19,False,True,False,False,False,True,False,True,False,False,2
30.0,30000.0,2024,5,17,False,True,False,False,False,True,False,True,False,False,1
30.0,30000.0,2024,5,16,False,True,False,False,False,True,False,True,False,False,1
130.0,130000.0,2024,5,15,False,True,False,False,False,True,False,True,False,False,3
220.0,220000.0,2024,5,15,False,True,False,False,False,True,False,True,False,False,3
35.0,35000.0,2024,5,15,False,False,True,False,True,False,False,True,False,False,1
10.0,10000.0,2024,5,15,False,False,True,True,False,False,False,True,False,False,2
35.0,35000.0,2024,5,15,False,False,True,False,False,True,False,True,False,False,1
0.0,0.0,2024,5,14,False,False,True,False,False,True,False,False,False,True,2
10.0,10000.0,2024,5,14,False,True,False,True,False,False,False,True,False,False,2
20.0,20000.0,2024,5,14,False,False,True,True,False,False,False,True,False,False,2
35.0,35000.0,2024,5,14,False,False,True,False,True,False,False,True,False,False,1
35.0,35000.0,2024,5,14,False,False,True,False,True,False,False,True,False,False,1
30.0,30000.0,2024,5,12,False,True,False,False,False,True,False,True,False,False,1
60.0,60000.0,2024,5,10,False,True,False,False,False,True,False,True,False,False,1
35.0,35000.0,2024,5,10,False,False,True,False,True,False,False,True,False,False,1
35.0,35000.0,2024,5,10,False,False,True,False,True,False,False,True,False,False,1
35.0,35000.0,2024,5,9,True,False,False,False,False,True,False,True,False,False,1
20.0,20000.0,2024,5,9,False,True,False,False,False,True,False,True,False,False,2
30.0,30000.0,2024,5,9,False,True,False,False,False,True,False,True,False,False,1
80.0,80000.0,2024,5,8,False,True,False,False,False,True,False,True,False,False,1
10.0,10000.0,2024,5,8,False,False,True,True,False,False,False,True,False,False,2
35.0,35000.0,2024,5,8,False,False,True,False,True,False,False,True,False,False,1
35.0,35000.0,2024,5,8,False,False,True,False,True,False,False,True,False,False,1
10.0,10000.0,2024,5,8,False,False,True,True,False,False,False,True,False,False,2
35.0,35000.0,2024,5,7,False,False,True,False,True,False,False,True,False,False,1
35.0,35000.0,2024,5,7,False,False,True,False,True,False,False,True,False,False,1
120.0,120000.0,2024,5,7,False,True,False,False,False,True,False,True,False,False,3
10.0,10000.0,2024,5,7,False,False,True,True,False,False,False,True,False,False,2
10.0,10000.0,2024,5,6,False,False,True,True,False,False,False,True,False,False,2
100.0,100000.0,2024,5,6,True,False,False,False,False,True,False,True,False,False,3
35.0,35000.0,2024,5,6,False,False,True,False,True,False,False,True,False,False,1
35.0,35000.0,2024,5,6,False,False,True,False,True,False,False,True,False,False,1
40.0,40000.0,2024,5,6,False,True,False,False,False,True,False,True,False,False,1
100.0,100000.0,2024,5,6,False,True,False,False,False,True,False,True,False,False,3
80.0,80000.0,2024,5,6,False,False,True,False,False,True,False,False,True,False,1
30.0,30000.0,2024,5,6,False,False,True,True,False,False,False,True,False,False,1
200.0,200000.0,2024,5,4,False,False,True,False,False,True,False,True,False,False,3
20.0,20000.0,2024,5,4,True,False,False,False,False,True,False,True,False,False,2
100.0,100000.0,2024,5,3,False,False,True,False,False,True,False,True,False,False,3
266.9,266900.0,2024,5,3,True,False,False,False,False,True,False,True,False,False,3
50.0,50000.0,2024,5,3,False,False,True,False,False,True,False,True,False,False,1
35.0,35000.0,2024,5,2,True,False,False,False,False,True,False,True,False,False,1
80.0,80000.0,2024,5,2,False,True,False,False,False,True,False,True,False,False,1
10.0,10000.0,2024,5,2,False,False,True,True,False,False,False,True,False,False,2
20.0,20000.0,2024,5,2,False,False,True,True,False,False,False,True,False,False,2
80.0,80000.0,2024,5,2,False,True,False,False,False,True,False,True,False,False,1
30.0,30000.0,2024,5,2,False,True,False,False,False,True,False,True,False,False,1
0.0,0.0,2024,5,2,False,False,True,False,False,True,False,False,False,True,2
199.0,199000.0,2024,5,2,True,False,False,False,False,True,False,True,False,False,3
35.0,35000.0,2024,5,2,True,False,False,False,False,True,False,True,False,False,1
30.0,30000.0,2024,5,1,False,False,True,False,False,True,False,True,False,False,1
155.0,155000.0,2024,5,1,True,False,False,False,False,True,False,True,False,False,3
60.0,60000.0,2024,5,1,False,True,False,False,False,True,False,True,False,False,1
0.0,0.0,2024,5,1,False,False,True,False,False,True,False,False,False,True,2
0.0,0.0,2024,5,1,False,False,True,False,False,True,False,False,False,True,2
35.0,35000.0,2024,5,1,False,False,True,True,False,False,False,True,False,False,1
35.0,35000.0,2024,5,1,False,False,True,False,True,False,False,True,False,False,1
30.0,30000.0,2024,5,1,False,True,False,False,False,True,False,True,False,False,1
35.0,35000.0,2024,4,30,True,False,False,False,False,True,False,False,True,False,1
10.0,10000.0,2024,4,30,False,False,True,True,False,False,False,True,False,False,2
35.0,35000.0,2024,4,30,False,False,True,False,False,True,False,True,False,False,1
35.0,35000.0,2024,4,30,False,False,True,False,False,True,False,True,False,False,1
90.0,90000.0,2024,4,30,False,True,False,False,False,True,False,True,False,False,1
10.0,10000.0,2024,4,29,False,False,True,True,False,False,False,True,False,False,2
35.0,35000.0,2024,4,29,False,False,True,False,False,True,False,True,False,False,1
80.0,80000.0,2024,4,29,False,False,True,True,False,False,False,True,False,False,1
10.0,10000.0,2024,4,29,False,False,True,True,False,False,False,True,False,False,2
35.0,35000.0,2024,4,29,False,False,True,False,False,True,False,True,False,False,1
500.0,500000.0,2024,4,28,True,False,False,False,False,True,False,True,False,False,0
30.0,30000.0,2024,4,28,False,True,False,False,False,True,False,True,False,False,1
100.0,100000.0,2024,4,27,False,True,False,False,False,True,False,True,False,False,3
40.0,40000.0,2024,4,27,True,False,False,False,False,True,False,True,False,False,1
90.0,90000.0,2024,4,27,False,True,False,False,False,True,False,True,False,False,1
60.0,60000.0,2024,4,27,False,True,False,False,False,True,False,True,False,False,1
120.0,120000.0,2024,4,27,False,True,False,False,False,True,False,True,False,False,3
60.0,60000.0,2024,4,27,False,True,False,False,False,True,False,True,False,False,1
100.0,100000.0,2024,4,27,False,True,False,False,False,True,False,True,False,False,3
100.0,100000.0,2024,4,27,True,False,False,False,False,True,False,False,True,False,3
300.0,300000.0,2024,4,27,True,False,False,False,False,True,False,False,True,False,3
100.0,100000.0,2024,4,27,False,False,True,False,False,True,False,True,False,False,3
49.0,49000.0,2024,4,26,False,True,False,False,False,True,False,True,False,False,1
500.0,500000.0,2024,4,26,True,False,False,False,False,True,False,True,False,False,0
10.0,10000.0,2024,4,26,False,True,False,False,False,True,False,True,False,False,2
49.0,49000.0,2024,4,26,False,True,False,False,False,True,False,True,False,False,1
120.0,120000.0,2024,4,26,False,True,False,False,False,True,False,True,False,False,3
60.0,60000.0,2024,4,26,False,True,False,False,False,True,False,True,False,False,1
100.0,100000.0,2024,4,26,False,False,True,False,False,True,False,True,False,False,3
20.0,20000.0,2024,4,25,False,True,False,False,False,True,False,True,False,False,2
100.0,100000.0,2024,4,25,False,False,True,False,False,True,False,True,False,False,3
699.0,699000.0,2024,4,24,True,False,False,False,False,True,False,True,False,False,0
100.0,100000.0,2024,4,24,False,False,True,False,False,True,False,True,False,False,3
50.0,50000.0,2024,4,24,False,False,True,False,False,True,False,True,False,False,1
60.0,60000.0,2024,4,24,False,True,False,False,False,True,False,True,False,False,1
795.0,795000.0,2024,4,23,False,True,False,False,False,True,False,True,False,False,0
20.0,20000.0,2024,4,23,False,False,True,True,False,False,False,True,False,False,2
35.0,35000.0,2024,4,23,False,False,True,False,True,False,False,True,False,False,1
35.0,35000.0,2024,4,23,False,False,True,False,True,False,False,True,False,False,1
10.0,10000.0,2024,4,22,False,False,True,True,False,False,False,True,False,False,2
35.0,35000.0,2024,4,22,False,False,True,False,True,False,False,True,False,False,1
430.0,430000.0,2024,4,22,False,False,True,False,False,True,False,True,False,False,0
259.0,259000.0,2024,4,22,True,False,False,False,False,True,False,True,False,False,3
44.02,44020.0,2024,4,22,False,False,True,False,False,False,True,False,True,False,1
20.0,20000.0,2024,4,22,False,False,True,False,False,True,False,True,False,False,2
20.0,20000.0,2024,4,22,False,False,True,True,False,False,False,True,False,False,2
30.0,30000.0,2024,4,22,False,False,True,True,False,False,False,True,False,False,1
30.0,30000.0,2024,4,22,True,False,False,True,False,False,False,False,True,False,1
35.0,35000.0,2024,4,22,False,False,True,False,True,False,False,True,False,False,1
40.0,40000.0,2024,4,21,False,True,False,False,False,True,False,True,False,False,1
70.0,70000.0,2024,4,21,False,True,False,True,False,False,False,True,False,False,1
25.0,25000.0,2024,4,21,False,True,False,False,False,True,False,True,False,False,1
100.0,100000.0,2024,4,21,False,False,True,False,False,True,False,True,False,False,3
10.0,10000.0,2024,4,21,True,False,False,True,False,False,False,True,False,False,2
799.0,799000.0,2024,4,20,True,False,False,False,False,True,False,True,False,False,0
83.0,83000.0,2024,4,20,False,True,False,False,False,True,False,True,False,False,1
89.52,89520.0,2024,4,20,True,False,False,False,False,True,False,False,True,False,1
88.01,88010.0,2024,4,20,False,True,False,False,False,True,False,True,False,False,1
30.0,30000.0,2024,4,20,False,True,False,True,False,False,False,True,False,False,1
10.0,10000.0,2024,4,19,False,False,True,True,False,False,False,True,False,False,2
35.0,35000.0,2024,4,19,False,False,True,False,True,False,False,True,False,False,1
35.0,35000.0,2024,4,19,False,False,True,False,True,False,False,True,False,False,1
75.0,75000.0,2024,4,18,False,True,False,False,False,True,False,True,False,False,1
130.0,130000.0,2024,4,18,False,True,False,False,False,True,False,True,False,False,3
5.0,5000.0,2024,4,17,False,False,True,True,False,False,False,True,False,False,2
0.0,0.0,2024,4,17,False,False,True,False,False,True,False,False,False,True,2
35.0,35000.0,2024,4,17,False,False,True,True,False,False,False,True,False,False,1
0.0,0.0,2024,4,17,False,False,True,False,False,True,False,False,False,True,2
35.0,35000.0,2024,4,16,False,False,True,False,True,False,False,True,False,False,1
10.0,10000.0,2024,4,16,False,False,True,True,False,False,False,True,False,False,2
35.0,35000.0,2024,4,16,False,False,True,False,True,False,False,True,False,False,1
10.0,10000.0,2024,4,15,False,False,True,True,False,False,False,True,False,False,2
35.0,35000.0,2024,4,15,False,False,True,False,True,False,False,True,False,False,1
60.0,60000.0,2024,4,15,False,True,False,False,False,True,False,True,False,False,1
616.32,616320.0,2024,4,15,True,False,False,False,False,True,False,True,False,False,0
35.0,35000.0,2024,4,15,False,False,True,False,True,False,False,True,False,False,1
10.0,10000.0,2024,4,15,False,False,True,True,False,False,False,True,False,False,2
30.0,30000.0,2024,4,14,False,True,False,False,False,True,False,True,False,False,1
20.0,20000.0,2024,4,12,False,False,True,True,False,False,False,True,False,False,2
0.0,0.0,2024,4,12,False,False,True,False,False,True,False,False,False,True,2
35.0,35000.0,2024,4,12,False,False,True,False,True,False,False,True,False,False,1
35.0,35000.0,2024,4,12,False,False,True,False,True,False,False,True,False,False,1
40.0,40000.0,2024,4,12,False,False,True,False,True,False,False,True,False,False,1
35.0,35000.0,2024,4,10,False,False,True,False,True,False,False,True,False,False,1
30.0,30000.0,2024,4,10,False,False,True,True,False,False,False,True,False,False,1
70.99,70990.0,2024,4,10,False,False,True,False,False,True,False,True,False,False,1
35.0,35000.0,2024,4,10,True,False,False,False,False,True,False,True,False,False,1
35.0,35000.0,2024,4,10,False,False,True,False,True,False,False,True,False,False,1
140.0,140000.0,2024,4,10,False,True,False,False,False,True,False,True,False,False,3
35.0,35000.0,2024,4,8,False,False,True,False,True,False,False,True,False,False,1
10.0,10000.0,2024,4,8,False,False,True,True,False,False,False,True,False,False,2
30.0,30000.0,2024,4,7,False,True,False,False,False,True,False,True,False,False,1
250.0,250000.0,2024,4,7,True,False,False,False,False,True,False,True,False,False,3
10.0,10000.0,2024,4,6,False,True,False,False,False,True,False,True,False,False,2
10.0,10000.0,2024,4,6,False,False,True,True,False,False,False,True,False,False,2
30.0,30000.0,2024,4,6,False,True,False,False,False,True,False,True,False,False,1
20.0,20000.0,2024,4,6,False,False,True,True,False,False,False,True,False,False,2
30.0,30000.0,2024,4,5,False,True,False,False,False,True,False,True,False,False,1
35.0,35000.0,2024,4,5,False,False,True,False,True,False,False,True,False,False,1
0.0,0.0,2024,4,5,False,False,True,False,False,True,False,False,False,True,2
309.84,309840.0,2024,4,5,True,False,False,False,False,True,False,True,False,False,3
25.0,25000.0,2024,4,5,False,True,False,False,False,True,False,True,False,False,1
35.0,35000.0,2024,4,5,False,False,True,False,True,False,False,True,False,False,1
75.0,75000.0,2024,4,4,False,True,False,False,False,True,False,True,False,False,1
100.0,100000.0,2024,4,4,True,False,False,False,False,True,False,True,False,False,3
761.44,761440.0,2024,4,4,True,False,False,False,False,True,False,False,True,False,0
0.0,0.0,2024,4,3,False,False,True,False,False,True,False,False,False,True,2
35.0,35000.0,2024,4,3,True,False,False,False,False,True,False,False,True,False,1
10.0,10000.0,2024,4,3,False,False,True,True,False,False,False,True,False,False,2
35.0,35000.0,2024,4,3,False,False,True,False,True,False,False,True,False,False,1
35.0,35000.0,2024,4,2,False,False,True,False,True,False,False,True,False,False,1
35.0,35000.0,2024,4,2,False,False,True,False,True,False,False,True,False,False,1
10.0,10000.0,2024,4,2,False,True,False,True,False,False,False,True,False,False,2
60.0,60000.0,2024,4,2,False,True,False,True,False,False,False,True,False,False,1
60.0,60000.0,2024,4,2,True,False,False,True,False,False,False,False,True,False,1
10.0,10000.0,2024,4,2,False,False,True,True,False,False,False,True,False,False,2
199.0,199000.0,2024,4,1,True,False,False,False,False,False,True,True,False,False,3
35.0,35000.0,2024,4,1,True,False,False,False,False,False,True,True,False,False,1
100.0,100000.0,2024,4,1,True,False,False,True,False,False,False,False,True,False,3
160.0,160000.0,2024,4,1,False,True,False,False,False,True,False,True,False,False,3
50.0,50000.0,2024,4,1,False,True,False,False,False,True,False,True,False,False,1
50.0,50000.0,2024,4,1,False,False,True,True,False,False,False,True,False,False,1
35.0,35000.0,2024,3,31,False,False,True,False,True,False,False,True,False,False,1
10.0,10000.0,2024,3,31,False,False,True,True,False,False,False,True,False,False,2
35.0,35000.0,2024,3,31,True,False,False,False,False,True,False,True,False,False,1
35.0,35000.0,2024,3,31,True,False,False,False,False,True,False,True,False,False,1
150.0,150000.0,2024,3,31,True,False,False,False,False,True,False,True,False,False,3
100.0,100000.0,2024,3,30,True,False,False,True,False,False,False,True,False,False,3
90.0,90000.0,2024,3,29,False,True,False,False,False,True,False,True,False,False,1
35.0,35000.0,2024,3,29,True,False,False,False,False,True,False,True,False,False,1
60.0,60000.0,2024,3,29,False,True,False,False,False,True,False,True,False,False,1
100.0,100000.0,2024,3,28,True,False,False,False,False,True,False,True,False,False,3
250.0,250000.0,2024,3,28,False,True,False,False,False,True,False,True,False,False,3
5.0,5000.0,2024,3,28,False,False,True,False,False,True,False,True,False,False,2
35.0,35000.0,2024,3,28,True,False,False,False,False,True,False,False,True,False,1
0.0,0.0,2024,3,28,False,False,True,False,False,True,False,False,False,True,2
70.0,70000.0,2024,3,27,False,True,False,True,False,False,False,True,False,False,1
40.0,40000.0,2024,3,26,False,True,False,False,False,True,False,True,False,False,1
20.0,20000.0,2024,3,26,False,False,True,True,False,False,False,True,False,False,2
10.0,10000.0,2024,3,25,False,False,True,True,False,False,False,True,False,False,2
10.0,10000.0,2024,3,25,False,False,True,True,False,False,False,True,False,False,2
35.0,35000.0,2024,3,25,False,False,True,False,True,False,False,True,False,False,1
35.0,35000.0,2024,3,25,False,False,True,False,True,False,False,True,False,False,1
0.0,0.0,2024,3,25,False,False,True,True,False,False,False,False,False,True,2
105.0,105000.0,2024,3,24,False,False,True,False,False,True,False,True,False,False,3
30.0,30000.0,2024,3,22,False,False,True,True,False,False,False,True,False,False,1
10.0,10000.0,2024,3,22,False,True,False,False,False,True,False,True,False,False,2
80.0,80000.0,2024,3,22,False,True,False,False,False,True,False,True,False,False,1
0.0,0.0,2024,3,22,False,False,True,False,False,True,False,False,False,True,2
35.0,35000.0,2024,3,22,False,False,True,False,True,False,False,True,False,False,1
500.0,500000.0,2024,3,21,True,False,False,False,False,True,False,True,False,False,0
259.0,259000.0,2024,3,21,True,False,False,False,False,True,False,True,False,False,3
35.0,35000.0,2024,3,21,True,False,False,False,False,True,False,False,True,False,1
230.0,230000.0,2024,3,21,True,False,False,False,False,True,False,True,False,False,3
200.0,200000.0,2024,3,21,False,False,True,False,False,True,False,True,False,False,3
35.0,35000.0,2024,3,19,False,False,True,False,True,False,False,True,False,False,1
25.0,25000.0,2024,3,19,False,True,False,False,False,True,False,True,False,False,1
35.0,35000.0,2024,3,19,False,False,True,False,True,False,False,True,False,False,1
260.0,260000.0,2024,3,19,False,True,False,False,False,True,False,True,False,False,3
430.0,430000.0,2024,3,19,True,False,False,False,False,True,False,True,False,False,0
35.0,35000.0,2024,3,18,False,False,True,False,True,False,False,True,False,False,1
110.0,110000.0,2024,3,17,False,False,True,True,False,False,False,True,False,False,3
30.0,30000.0,2024,3,16,False,True,False,False,False,True,False,True,False,False,1
35.0,35000.0,2024,3,16,True,False,False,False,False,True,False,True,False,False,1
40.0,40000.0,2024,3,15,False,True,False,False,False,True,False,True,False,False,1
20.0,20000.0,2024,3,15,False,True,False,False,False,True,False,True,False,False,2
35.0,35000.0,2024,3,15,False,False,True,False,True,False,False,True,False,False,1
74.0,74000.0,2024,3,15,False,False,True,False,False,True,False,True,False,False,1
105.0,105000.0,2024,3,14,False,True,False,False,False,True,False,True,False,False,3
30.0,30000.0,2024,3,13,False,True,False,False,False,True,False,True,False,False,1
8.0,8000.0,2024,3,13,True,False,False,False,False,True,False,True,False,False,2
35.0,35000.0,2024,3,12,True,False,False,False,False,True,False,True,False,False,1
60.0,60000.0,2024,3,12,True,False,False,False,False,True,False,True,False,False,1
90.0,90000.0,2024,3,12,False,True,False,False,False,True,False,True,False,False,1
150.0,150000.0,2024,3,12,False,True,False,False,False,True,False,True,False,False,3
30.0,30000.0,2024,3,12,False,True,False,False,False,True,False,True,False,False,1
30.0,30000.0,2024,3,11,False,True,False,False,False,True,False,True,False,False,1
9.0,9000.0,2024,3,10,True,False,False,False,False,True,False,True,False,False,2
35.0,35000.0,2024,3,10,True,False,False,False,False,True,False,True,False,False,1
10.0,10000.0,2024,3,9,False,True,False,False,False,True,False,True,False,False,2
200.0,200000.0,2024,3,9,False,False,True,False,False,True,False,True,False,False,3
10.0,10000.0,2024,3,8,False,True,False,False,False,True,False,True,False,False,2
30.0,30000.0,2024,3,8,False,True,False,False,False,True,False,True,False,False,1
60.0,60000.0,2024,3,7,False,True,False,False,False,True,False,True,False,False,1
35.0,35000.0,2024,3,7,False,False,True,True,False,False,False,True,False,False,1
20.0,20000.0,2024,3,7,False,False,True,True,False,False,False,True,False,False,2
25.0,25000.0,2024,3,7,False,False,True,True,False,False,False,True,False,False,1
35.0,35000.0,2024,3,7,False,False,True,False,True,False,False,True,False,False,1
10.0,10000.0,2024,3,7,False,False,True,True,False,False,False,True,False,False,2
0.0,0.0,2024,3,7,False,False,True,False,False,True,False,False,False,True,2
0.0,0.0,2024,3,7,False,False,True,False,False,True,False,False,False,True,2
35.0,35000.0,2024,3,6,False,False,True,False,True,False,False,True,False,False,1
10.0,10000.0,2024,3,6,False,True,False,True,False,False,False,True,False,False,2
35.0,35000.0,2024,3,6,False,False,True,False,True,False,False,True,False,False,1
125.0,125000.0,2024,3,6,False,True,False,False,False,True,False,True,False,False,3
35.0,35000.0,2024,3,6,True,False,False,False,False,True,False,True,False,False,1
99.0,99000.0,2024,3,6,True,False,False,False,False,True,False,True,False,False,3
5.53,5530.0,2024,3,6,False,False,True,False,False,False,True,False,True,False,2
35.0,35000.0,2024,3,5,False,False,True,False,True,False,False,True,False,False,1
10.0,10000.0,2024,3,5,False,False,True,True,False,False,False,True,False,False,2
35.0,35000.0,2024,3,5,False,False,True,False,True,False,False,True,False,False,1
20.0,20000.0,2024,3,4,False,True,False,False,False,True,False,True,False,False,2
25.0,25000.0,2024,3,4,False,True,False,False,False,True,False,True,False,False,1
35.0,35000.0,2024,3,4,False,False,True,True,False,False,False,True,False,False,1
35.0,35000.0,2024,3,4,False,False,True,False,True,False,False,True,False,False,1
80.0,80000.0,2024,3,4,True,False,False,True,False,False,False,True,False,False,1
0.0,0.0,2024,3,4,False,False,True,False,False,True,False,False,False,True,2
60.0,60000.0,2024,3,3,False,True,False,False,False,True,False,True,False,False,1
150.0,150000.0,2024,3,3,True,False,False,False,False,True,False,True,False,False,3
100.0,100000.0,2024,3,3,False,True,False,False,False,True,False,True,False,False,3
150.0,150000.0,2024,3,3,False,True,False,False,False,True,False,True,False,False,3
419.0,419000.0,2024,3,2,True,False,False,False,False,True,False,True,False,False,0
476.0,476000.0,2024,3,2,True,False,False,False,False,True,False,True,False,False,0
35.0,35000.0,2024,3,2,True,False,False,False,False,True,False,True,False,False,1
35.0,35000.0,2024,3,2,True,False,False,False,False,True,False,True,False,False,1
60.0,60000.0,2024,3,1,False,True,False,False,False,True,False,True,False,False,1
35.0,35000.0,2024,3,1,False,False,True,False,True,False,False,True,False,False,1
35.0,35000.0,2024,3,1,False,False,True,False,True,False,False,True,False,False,1
35.0,35000.0,2024,3,1,True,False,False,False,False,True,False,True,False,False,1
599.0,599000.0,2024,2,29,True,False,False,False,False,True,False,True,False,False,0
60.0,60000.0,2024,2,29,False,True,False,False,False,True,False,True,False,False,1
35.0,35000.0,2024,2,29,False,False,True,False,False,True,False,False,True,False,1
45.02,45020.0,2024,2,29,False,False,True,False,False,False,True,True,False,False,1
0.0,0.0,2024,2,29,False,False,True,False,False,False,True,False,True,False,2
100.0,100000.0,2024,2,29,False,False,True,False,False,False,True,True,False,False,3
100.0,100000.0,2024,2,29,True,False,False,True,False,False,False,True,False,False,3
150.0,150000.0,2024,2,29,True,False,False,True,False,False,False,True,False,False,3
10.0,10000.0,2024,2,28,False,False,True,True,False,False,False,True,False,False,2
35.0,35000.0,2024,2,28,False,False,True,False,True,False,False,True,False,False,1
60.0,60000.0,2024,2,28,False,True,False,False,False,False,True,True,False,False,1
35.0,35000.0,2024,2,28,False,False,True,True,False,False,False,True,False,False,1
15.0,15000.0,2024,2,28,False,False,True,True,False,False,False,True,False,False,2
10.0,10000.0,2024,2,27,False,False,True,True,False,False,False,True,False,False,2
35.0,35000.0,2024,2,27,False,False,True,False,True,False,False,True,False,False,1
140.0,140000.0,2024,2,27,False,True,False,False,False,False,True,True,False,False,3
10.0,10000.0,2024,2,27,False,False,True,True,False,False,False,True,False,False,2
35.0,35000.0,2024,2,27,False,True,False,False,False,False,True,True,False,False,1
35.0,35000.0,2024,2,27,False,False,True,False,True,False,False,True,False,False,1
0.0,0.0,2024,2,26,False,False,True,False,False,False,True,False,False,True,2
10.0,10000.0,2024,2,26,False,False,True,True,False,False,False,True,False,False,2
60.0,60000.0,2024,2,26,False,True,False,False,False,False,True,True,False,False,1
0.0,0.0,2024,2,26,False,False,True,False,False,False,True,False,False,True,2
940.0,940000.0,2024,2,26,False,False,True,False,False,False,True,False,True,False,0
10.0,10000.0,2024,2,26,False,False,True,True,False,False,False,True,False,False,2
10.0,10000.0,2024,2,26,False,False,True,True,False,False,False,True,False,False,2
35.0,35000.0,2024,2,26,False,False,True,False,True,False,False,True,False,False,1
35.0,35000.0,2024,2,26,False,False,True,False,True,False,False,True,False,False,1
200.0,200000.0,2024,2,26,True,False,False,True,False,False,False,True,False,False,3
50.0,50000.0,2024,2,26,True,False,False,True,False,False,False,True,False,False,1
50.0,50000.0,2024,2,24,False,True,False,True,False,False,False,True,False,False,1
35.0,35000.0,2024,2,24,False,True,False,True,False,False,False,True,False,False,1
25.0,25000.0,2024,2,23,False,True,False,True,False,False,False,True,False,False,1
10.0,10000.0,2024,2,23,False,False,True,True,False,False,False,True,False,False,2
35.0,35000.0,2024,2,23,False,False,True,False,True,False,False,True,False,False,1
10.0,10000.0,2024,2,23,False,False,True,True,False,False,False,True,False,False,2
35.0,35000.0,2024,2,23,False,False,True,False,True,False,False,True,False,False,1
50.0,50000.0,2024,2,22,True,False,False,False,False,False,True,True,False,False,1
10.0,10000.0,2024,2,22,False,False,True,True,False,False,False,True,False,False,2
35.0,35000.0,2024,2,22,False,False,True,False,True,False,False,True,False,False,1
180.0,180000.0,2024,2,22,True,False,False,False,False,False,True,True,False,False,3
10.0,10000.0,2024,2,22,False,False,True,True,False,False,False,True,False,False,2
35.0,35000.0,2024,2,22,False,False,True,False,True,False,False,True,False,False,1
30.0,30000.0,2024,2,21,False,True,False,False,False,False,True,True,False,False,1
10.0,10000.0,2024,2,21,False,False,True,True,False,False,False,True,False,False,2
35.0,35000.0,2024,2,21,False,False,True,False,True,False,False,True,False,False,1
259.0,259000.0,2024,2,21,True,False,False,False,False,False,True,True,False,False,3
9.0,9000.0,2024,2,20,True,False,False,False,False,False,True,True,False,False,2
10.0,10000.0,2024,2,20,False,False,True,True,False,False,False,True,False,False,2
35.0,35000.0,2024,2,20,False,False,True,False,True,False,False,True,False,False,1
35.0,35000.0,2024,2,20,False,False,True,False,True,False,False,True,False,False,1
10.0,10000.0,2024,2,19,False,False,True,True,False,False,False,True,False,False,2
35.0,35000.0,2024,2,19,False,False,True,False,True,False,False,True,False,False,1
35.0,35000.0,2024,2,19,False,False,True,False,False,False,True,True,False,False,1
0.0,0.0,2024,2,19,False,False,True,False,False,False,True,False,False,True,2
0.0,0.0,2024,2,18,False,False,True,False,False,False,True,False,False,True,2
250.0,250000.0,2024,2,18,False,True,False,False,False,False,True,True,False,False,3
40.0,40000.0,2024,2,18,False,True,False,False,False,False,True,True,False,False,1
40.0,40000.0,2024,2,18,False,True,False,True,False,False,False,True,False,False,1
150.0,150000.0,2024,2,18,True,False,False,False,False,False,True,True,False,False,3
50.0,50000.0,2024,2,18,True,False,False,True,False,False,False,True,False,False,1
430.0,430000.0,2024,2,17,True,False,False,False,False,False,True,True,False,False,0
20.0,20000.0,2024,2,17,False,True,False,False,False,False,True,True,False,False,2
16.0,16000.0,2024,2,17,False,False,True,True,False,False,False,True,False,False,2
130.0,130000.0,2024,2,17,False,False,True,False,False,False,True,False,True,False,3
35.0,35000.0,2024,2,16,False,False,True,False,True,False,False,True,False,False,1
35.0,35000.0,2024,2,16,False,False,True,False,True,False,False,True,False,False,1
35.0,35000.0,2024,2,15,False,False,True,False,True,False,False,True,False,False,1
100.0,100000.0,2024,2,14,False,True,False,False,False,False,True,True,False,False,3
100.0,100000.0,2024,2,14,False,False,True,False,False,False,True,True,False,False,3
100.0,100000.0,2024,2,14,False,False,True,False,False,False,True,True,False,False,3
35.0,35000.0,2024,2,13,False,False,True,False,True,False,False,True,False,False,1
0.0,0.0,2024,2,13,False,False,True,False,False,False,True,False,False,True,2
35.0,35000.0,2024,2,13,False,False,True,False,True,False,False,True,False,False,1
10.0,10000.0,2024,2,13,False,False,True,True,False,False,False,True,False,False,2
35.0,35000.0,2024,2,12,False,False,True,False,True,False,False,True,False,False,1
10.0,10000.0,2024,2,12,False,False,True,True,False,False,False,True,False,False,2
2.0,2000.0,2024,2,12,False,False,True,False,True,False,False,False,True,False,2
130.0,130000.0,2024,2,11,False,True,False,False,False,False,True,True,False,False,3
45.0,45000.0,2024,2,10,False,True,False,False,False,False,True,True,False,False,1
20.0,20000.0,2024,2,10,False,False,True,True,False,False,False,True,False,False,2
145.0,145000.0,2024,2,9,False,True,False,False,False,False,True,True,False,False,3
998.0,998000.0,2024,2,9,True,False,False,False,False,False,True,True,False,False,0
2.0,2000.0,2024,2,9,False,False,True,False,False,False,True,False,True,False,2
102.0,102000.0,2024,2,8,True,False,False,False,False,False,True,True,False,False,3
247.0,247000.0,2024,2,8,False,True,False,False,False,False,True,True,False,False,3
2.0,2000.0,2024,2,8,False,False,True,False,False,False,True,True,False,False,2
999.0,999000.0,2024,2,8,True,False,False,False,False,False,True,True,False,False,0
799.0,799000.0,2024,2,8,True,False,False,False,False,False,True,True,False,False,0
35.0,35000.0,2024,2,7,False,False,True,False,False,False,True,True,False,False,1
1.0,1000.0,2024,2,7,True,False,False,False,False,False,True,True,False,False,2
440.0,440000.0,2024,2,6,False,False,True,False,False,False,True,True,False,False,0
35.0,35000.0,2024,2,6,True,False,False,False,False,False,True,True,False,False,1
0.0,0.0,2024,2,5,False,False,True,False,False,False,True,False,False,True,2
90.0,90000.0,2024,2,5,False,True,False,False,False,False,True,True,False,False,1
400.0,400000.0,2024,2,5,True,False,False,False,False,False,True,True,False,False,0
40.0,40000.0,2024,2,5,False,False,True,True,False,False,False,True,False,False,1
4.45,4450.0,2024,2,3,True,False,False,False,False,False,True,False,True,False,2
839.0,839000.0,2024,2,3,True,False,False,False,False,False,True,True,False,False,0
20.0,20000.0,2024,2,3,False,False,True,False,False,False,True,True,False,False,2
35.0,35000.0,2024,2,3,True,False,False,False,False,False,True,True,False,False,1
200.0,200000.0,2024,2,2,False,False,True,False,False,False,True,True,False,False,3
299.0,299000.0,2024,2,2,True,False,False,False,False,False,True,True,False,False,3
99.0,99000.0,2024,2,1,True,False,False,False,False,False,True,True,False,False,3
40.0,40000.0,2024,2,1,False,True,False,False,False,False,True,True,False,False,1
100.0,100000.0,2024,2,1,True,False,False,False,False,False,True,True,False,False,3
100.0,100000.0,2024,2,1,True,False,False,False,False,False,True,True,False,False,3
35.0,35000.0,2024,2,1,True,False,False,False,False,False,True,True,False,False,1
88.0,88000.0,2024,1,31,True,False,False,False,False,False,True,True,False,False,1
100.0,100000.0,2024,1,31,False,False,True,False,False,False,True,True,False,False,3
200.0,200000.0,2024,1,31,True,False,False,False,False,False,True,True,False,False,3
35.0,35000.0,2024,1,31,True,False,False,False,False,False,True,True,False,False,1
60.0,60000.0,2024,1,31,False,True,False,False,False,False,True,True,False,False,1
100.0,100000.0,2024,1,31,True,False,False,False,False,False,True,False,True,False,3
100.0,100000.0,2024,1,31,True,False,False,False,False,False,True,True,False,False,3
35.0,35000.0,2024,1,31,True,False,False,False,False,False,True,False,True,False,1
100.0,100000.0,2024,1,30,True,False,False,False,False,False,True,True,False,False,3
200.0,200000.0,2024,1,30,True,False,False,False,False,False,True,False,True,False,3
100.0,100000.0,2024,1,30,True,False,False,False,False,False,True,True,False,False,3
100.0,100000.0,2024,1,29,True,False,False,False,False,False,True,False,True,False,3
35.0,35000.0,2024,1,29,False,False,True,False,False,False,True,True,False,False,1
700.0,700000.0,2024,1,29,True,False,False,False,False,False,True,True,False,False,0
26.0,26000.0,2024,1,27,False,False,True,True,False,False,False,False,True,False,1
250.0,250000.0,2024,1,27,True,False,False,False,False,False,True,True,False,False,3
60.0,60000.0,2024,1,27,False,True,False,False,False,False,True,True,False,False,1
5.0,5000.0,2024,1,27,True,False,False,False,False,False,True,True,False,False,2
27.0,27000.0,2024,1,27,True,False,False,False,False,False,True,True,False,False,1
50.0,50000.0,2024,1,26,False,True,False,False,False,False,True,True,False,False,1
120.0,120000.0,2024,1,25,False,True,False,False,False,False,True,True,False,False,3
35.0,35000.0,2024,1,24,False,False,True,False,False,False,True,True,False,False,1
1.0,1000.0,2024,1,24,False,False,True,False,False,False,True,True,False,False,2
300.0,300000.0,2024,1,24,True,False,False,False,False,False,True,True,False,False,3
115.0,115000.0,2024,1,23,False,True,False,False,False,False,True,True,False,False,3
30.0,30000.0,2024,1,22,True,False,False,False,False,False,True,True,False,False,1
4.0,4000.0,2024,1,21,True,False,False,False,False,False,True,True,False,False,2
150.0,150000.0,2024,1,21,True,False,False,False,False,False,True,True,False,False,3
259.0,259000.0,2024,1,20,True,False,False,False,False,False,True,True,False,False,3
20.0,20000.0,2024,1,20,False,False,True,True,False,False,False,True,False,False,2
20.0,20000.0,2024,1,18,False,False,True,True,False,False,False,True,False,False,2
111.0,111000.0,2024,1,18,False,True,False,False,False,False,True,True,False,False,3
20.0,20000.0,2024,1,16,False,True,False,False,False,False,True,True,False,False,2
130.0,130000.0,2024,1,16,False,True,False,False,False,False,True,True,False,False,3
30.0,30000.0,2024,1,16,False,False,True,False,False,False,True,True,False,False,1
20.0,20000.0,2024,1,16,False,False,True,True,False,False,False,True,False,False,2
35.0,35000.0,2024,1,16,True,False,False,False,False,False,True,True,False,False,1
75.0,75000.0,2024,1,15,False,True,False,False,False,False,True,True,False,False,1
0.9,900.0,2024,1,14,True,False,False,False,False,False,True,True,False,False,2
30.0,30000.0,2024,1,13,False,False,True,False,False,False,True,True,False,False,1
60.0,60000.0,2024,1,13,True,False,False,False,False,False,True,True,False,False,1
20.0,20000.0,2024,1,13,False,False,True,True,False,False,False,True,False,False,2
35.0,35000.0,2024,1,12,False,False,True,False,False,False,True,True,False,False,1
99.0,99000.0,2024,1,12,False,True,False,False,False,False,True,True,False,False,3
30.0,30000.0,2024,1,12,False,True,False,False,False,False,True,True,False,False,1
10.0,10000.0,2024,1,11,False,True,False,False,False,False,True,True,False,False,2
16.0,16000.0,2024,1,11,False,False,True,True,False,False,False,False,True,False,2
5.0,5000.0,2024,1,11,False,False,True,True,False,False,False,True,False,False,2
400.0,400000.0,2024,1,11,True,False,False,False,False,False,True,True,False,False,0
10.0,10000.0,2024,1,11,False,False,True,True,False,False,False,True,False,False,2
35.0,35000.0,2024,1,11,False,False,True,False,True,False,False,True,False,False,1
35.0,35000.0,2024,1,10,False,False,True,False,True,False,False,True,False,False,1
20.0,20000.0,2024,1,10,False,False,True,False,False,False,True,True,False,False,2
200.0,200000.0,2024,1,9,True,False,False,False,False,False,True,True,False,False,3
50.22,50220.0,2024,1,9,False,False,True,False,False,False,True,True,False,False,1
20.0,20000.0,2024,1,9,False,False,True,True,False,False,False,True,False,False,2
200.0,200000.0,2024,1,9,True,False,False,False,False,False,True,False,True,False,3
35.0,35000.0,2024,1,9,False,False,True,False,False,False,True,True,False,False,1
0.0,0.0,2024,1,9,False,False,True,False,False,False,True,False,False,True,2
20.0,20000.0,2024,1,9,False,False,True,True,False,False,False,True,False,False,2
280.0,280000.0,2024,1,8,False,True,False,False,False,False,True,True,False,False,3
40.0,40000.0,2024,1,8,True,False,False,False,False,False,True,True,False,False,1
25.0,25000.0,2024,1,7,False,True,False,True,False,False,False,True,False,False,1
600.0,600000.0,2024,1,7,True,False,False,False,False,False,True,True,False,False,0
15.0,15000.0,2024,1,7,True,False,False,False,False,False,True,True,False,False,2
72.0,72000.0,2024,1,7,True,False,False,False,False,False,True,True,False,False,1
20.0,20000.0,2024,1,6,False,False,True,True,False,False,False,True,False,False,2
10.0,10000.0,2024,1,6,False,False,True,True,False,False,False,True,False,False,2
20.0,20000.0,2024,1,6,False,False,True,True,False,False,False,True,False,False,2
60.0,60000.0,2024,1,4,False,True,False,False,False,False,True,True,False,False,1
20.0,20000.0,2024,1,4,False,False,True,True,False,False,False,True,False,False,2
20.0,20000.0,2024,1,2,False,False,True,True,False,False,False,True,False,False,2
50.0,50000.0,2024,1,2,False,True,False,False,False,False,True,True,False,False,1
20.0,20000.0,2024,1,2,False,False,True,False,False,False,True,True,False,False,2
10.0,10000.0,2024,1,2,False,False,True,True,False,False,False,True,False,False,2
300.0,300000.0,2024,1,1,False,True,False,False,False,False,True,True,False,False,3
350.0,350000.0,2024,1,1,True,False,False,False,False,False,True,True,False,False,0
30.0,30000.0,2023,12,30,False,True,False,False,False,False,True,True,False,False,1
30.0,30000.0,2023,12,29,True,False,False,False,False,False,True,False,True,False,1
100.0,100000.0,2023,12,29,False,True,False,False,False,False,True,True,False,False,3
0.0,0.0,2023,12,29,False,False,True,True,False,False,False,False,False,True,2
10.0,10000.0,2023,12,29,False,False,True,True,False,False,False,True,False,False,2
20.0,20000.0,2023,12,29,False,False,True,True,False,False,False,True,False,False,2
35.0,35000.0,2023,12,28,True,False,False,False,False,False,True,False,True,False,1
30.0,30000.0,2023,12,28,False,True,False,False,False,False,True,True,False,False,1
20.0,20000.0,2023,12,27,False,False,True,False,False,False,True,True,False,False,2
20.0,20000.0,2023,12,27,False,False,True,True,False,False,False,True,False,False,2
35.0,35000.0,2023,12,27,True,False,False,False,False,False,True,True,False,False,1
10.0,10000.0,2023,12,27,False,False,True,True,False,False,False,True,False,False,2
30.0,30000.0,2023,12,26,False,True,False,False,False,False,True,True,False,False,1
70.0,70000.0,2023,12,26,False,True,False,False,False,False,True,True,False,False,1
45.0,45000.0,2023,12,26,False,False,True,True,False,False,False,True,False,False,1
35.0,35000.0,2023,12,26,False,True,False,False,False,False,True,True,False,False,1
70.0,70000.0,2023,12,25,False,True,False,False,False,False,True,True,False,False,1
220.0,220000.0,2023,12,25,False,True,False,False,False,False,True,True,False,False,3
20.0,20000.0,2023,12,25,False,True,False,False,False,False,True,True,False,False,2
20.0,20000.0,2023,12,25,False,True,False,False,False,False,True,True,False,False,2
60.0,60000.0,2023,12,25,False,True,False,False,False,False,True,True,False,False,1
40.0,40000.0,2023,12,25,False,True,False,False,False,False,True,True,False,False,1
187.2,187200.0,2023,12,25,False,True,False,False,False,False,True,True,False,False,3
30.0,30000.0,2023,12,25,False,False,True,False,False,False,True,False,True,False,1
30.0,30000.0,2023,12,24,False,True,False,False,False,False,True,True,False,False,1
4.0,4000.0,2023,12,24,False,True,False,False,False,False,True,True,False,False,2
10.0,10000.0,2023,12,24,False,True,False,True,False,False,False,True,False,False,2
259.0,259000.0,2023,12,23,True,False,False,False,False,False,True,True,False,False,3
60.0,60000.0,2023,12,22,False,True,False,False,False,False,True,True,False,False,1
200.0,200000.0,2023,12,22,True,False,False,True,False,False,False,False,True,False,3
700.0,700000.0,2023,12,22,True,False,False,False,False,False,True,False,True,False,0
20.0,20000.0,2023,12,22,False,False,True,False,False,False,True,True,False,False,2
170.56,170560.0,2023,12,22,True,False,False,False,False,False,True,False,True,False,3
130.0,130000.0,2023,12,22,False,True,False,False,False,False,True,True,False,False,3
40.0,40000.0,2023,12,22,False,True,False,False,False,False,True,False,True,False,1
170.0,170000.0,2023,12,22,False,True,False,False,False,False,True,True,False,False,3
376.0,376000.0,2023,12,21,True,False,False,False,False,False,True,True,False,False,0
35.0,35000.0,2023,12,21,True,False,False,False,False,False,True,True,False,False,1
83.66,83660.0,2023,12,21,True,False,False,False,False,False,True,False,True,False,1
330.0,330000.0,2023,12,20,False,True,False,False,False,False,True,True,False,False,0
55.0,55000.0,2023,12,20,False,True,False,False,False,False,True,True,False,False,1
257.9,257900.0,2023,12,20,True,False,False,False,False,False,True,True,False,False,3
10.0,10000.0,2023,12,20,False,False,True,True,False,False,False,True,False,False,2
20.0,20000.0,2023,12,20,False,False,True,True,False,False,False,True,False,False,2
35.0,35000.0,2023,12,20,False,True,False,False,False,False,True,True,False,False,1
3.0,3000.0,2023,12,19,True,False,False,False,False,False,True,False,True,False,2
300.0,300000.0,2023,12,18,False,False,True,True,False,False,False,False,True,False,3
2.0,2000.0,2023,12,18,False,False,True,False,False,False,True,False,True,False,2
290.0,290000.0,2023,12,18,False,True,False,False,False,False,True,True,False,False,3
295.0,295000.0,2023,12,16,True,False,False,False,False,False,True,True,False,False,3
430.0,430000.0,2023,12,16,False,False,True,False,False,False,True,True,False,False,0
20.0,20000.0,2023,12,16,False,False,True,False,False,False,True,True,False,False,2
30.0,30000.0,2023,12,15,False,True,False,True,False,False,False,False,True,False,1
40.0,40000.0,2023,12,15,False,True,False,False,False,False,True,False,True,False,1
40.0,40000.0,2023,12,15,False,True,False,False,False,False,True,True,False,False,1
105.0,105000.0,2023,12,15,False,True,False,False,False,False,True,True,False,False,3
20.0,20000.0,2023,12,15,False,False,True,True,False,False,False,True,False,False,2
70.0,70000.0,2023,12,15,False,True,False,True,False,False,False,True,False,False,1
30.0,30000.0,2023,12,14,False,True,False,False,False,False,True,True,False,False,1
520.0,520000.0,2023,12,13,True,False,False,False,False,False,True,True,False,False,0
10.0,10000.0,2023,12,13,False,False,True,True,False,False,False,True,False,False,2
10.0,10000.0,2023,12,13,False,False,True,True,False,False,False,True,False,False,2
20.0,20000.0,2023,12,13,False,False,True,True,False,False,False,True,False,False,2
20.0,20000.0,2023,12,12,False,False,True,True,False,False,False,True,False,False,2
10.0,10000.0,2023,12,12,False,False,True,True,False,False,False,True,False,False,2
2.0,2000.0,2023,12,11,False,False,True,False,False,False,True,True,False,False,2
30.0,30000.0,2023,12,11,False,True,False,False,False,False,True,True,False,False,1
20.0,20000.0,2023,12,11,False,False,True,False,False,False,True,True,False,False,2
30.0,30000.0,2023,12,10,False,True,False,False,False,False,True,True,False,False,1
130.0,130000.0,2023,12,9,False,True,False,False,False,False,True,True,False,False,3
25.0,25000.0,2023,12,9,True,False,False,False,False,False,True,False,True,False,1
2.0,2000.0,2023,12,9,False,False,True,False,True,False,False,True,False,False,2
20.0,20000.0,2023,12,9,False,False,True,True,False,False,False,True,False,False,2
70.0,70000.0,2023,12,8,False,True,False,False,False,False,True,True,False,False,1
5.0,5000.0,2023,12,8,False,False,True,False,False,False,True,True,False,False,2
10.0,10000.0,2023,12,8,True,False,False,False,False,False,True,True,False,False,2
15.0,15000.0,2023,12,8,False,True,False,False,False,False,True,True,False,False,2
95.0,95000.0,2023,12,8,False,False,True,True,False,False,False,False,True,False,3
20.0,20000.0,2023,12,7,False,False,True,False,False,False,True,True,False,False,2
500.0,500000.0,2023,12,7,False,False,True,False,False,False,True,True,False,False,0
20.0,20000.0,2023,12,7,False,False,True,True,False,False,False,True,False,False,2
20.0,20000.0,2023,12,7,False,False,True,True,False,False,False,True,False,False,2
10.0,10000.0,2023,12,7,False,False,True,True,False,False,False,True,False,False,2
10.0,10000.0,2023,12,6,False,False,True,True,False,False,False,True,False,False,2
0.0,0.0,2023,12,6,False,False,True,False,False,False,True,False,False,True,2
20.0,20000.0,2023,12,6,False,False,True,False,False,False,True,True,False,False,2
80.0,80000.0,2023,12,6,False,False,True,True,False,False,False,False,True,False,1
20.0,20000.0,2023,12,6,False,False,True,True,False,False,False,True,False,False,2
10.0,10000.0,2023,12,6,False,False,True,True,False,False,False,True,False,False,2
10.0,10000.0,2023,12,5,False,False,True,True,False,False,False,True,False,False,2
20.0,20000.0,2023,12,5,False,False,True,True,False,False,False,True,False,False,2
75.0,75000.0,2023,12,4,False,True,False,False,False,False,True,True,False,False,1
50.0,50000.0,2023,12,4,False,True,False,False,False,False,True,True,False,False,1
10.0,10000.0,2023,12,4,False,False,True,True,False,False,False,True,False,False,2
20.0,20000.0,2023,12,4,False,False,True,False,False,False,True,True,False,False,2
10.0,10000.0,2023,12,2,False,False,True,True,False,False,False,True,False,False,2
35.0,35000.0,2023,12,2,False,False,True,False,True,False,False,True,False,False,1
20.0,20000.0,2023,12,1,False,False,True,True,False,False,False,True,False,False,2
10.0,10000.0,2023,12,1,False,False,True,True,False,False,False,True,False,False,2
220.0,220000.0,2023,12,1,True,False,False,False,False,False,True,False,True,False,3
35.0,35000.0,2023,12,1,False,False,True,False,True,False,False,True,False,False,1
35.0,35000.0,2023,11,29,False,False,True,False,True,False,False,True,False,False,1
35.0,35000.0,2023,11,29,False,False,True,False,True,False,False,True,False,False,1
20.0,20000.0,2023,11,29,False,False,True,True,False,False,False,True,False,False,2
520.0,520000.0,2023,11,29,False,True,False,False,False,False,True,True,False,False,0
140.0,140000.0,2023,11,29,False,True,False,False,False,False,True,True,False,False,3
552.0,552000.0,2023,11,29,False,True,False,False,False,False,True,True,False,False,0
35.0,35000.0,2023,11,29,True,False,False,False,False,False,True,True,False,False,1
35.0,35000.0,2023,11,29,False,False,True,False,False,False,True,False,True,False,1
20.0,20000.0,2023,11,29,True,False,False,False,False,False,True,True,False,False,2
20.0,20000.0,2023,11,28,False,False,True,True,False,False,False,True,False,False,2
20.0,20000.0,2023,11,28,False,True,False,False,False,False,True,True,False,False,2
35.0,35000.0,2023,11,27,False,False,True,False,True,False,False,True,False,False,1
10.0,10000.0,2023,11,26,False,False,True,True,False,False,False,True,False,False,2
30.0,30000.0,2023,11,26,False,True,False,False,False,False,True,True,False,False,1
4.0,4000.0,2023,11,26,True,False,False,False,False,False,True,True,False,False,2
20.0,20000.0,2023,11,25,False,False,True,True,False,False,False,True,False,False,2
19.2,19200.0,2023,11,25,False,False,True,False,False,False,True,True,False,False,2
800.0,800000.0,2023,11,25,True,False,False,False,False,False,True,True,False,False,0
35.0,35000.0,2023,11,24,False,True,False,False,False,False,True,True,False,False,1
10.0,10000.0,2023,11,23,False,False,True,True,False,False,False,True,False,False,2
35.0,35000.0,2023,11,23,False,False,True,False,True,False,False,True,False,False,1
50.0,50000.0,2023,11,23,True,False,False,False,False,False,True,True,False,False,1
0.0,0.0,2023,11,22,False,False,True,False,False,False,True,False,False,True,2
35.0,35000.0,2023,11,22,False,False,True,False,True,False,False,True,False,False,1
10.0,10000.0,2023,11,22,False,False,True,True,False,False,False,True,False,False,2
46.0,46000.0,2023,11,21,True,False,False,False,False,False,True,True,False,False,1
30.0,30000.0,2023,11,21,False,True,False,False,False,False,True,True,False,False,1
10.0,10000.0,2023,11,21,False,False,True,True,False,False,False,True,False,False,2
200.0,200000.0,2023,11,21,True,False,False,False,False,False,True,True,False,False,3
35.0,35000.0,2023,11,21,False,False,True,False,True,False,False,True,False,False,1
259.0,259000.0,2023,11,21,True,False,False,False,False,False,True,True,False,False,3
10.0,10000.0,2023,11,20,False,False,True,True,False,False,False,True,False,False,2
50.0,50000.0,2023,11,20,True,False,False,True,False,False,False,True,False,False,1
35.0,35000.0,2023,11,20,False,False,True,False,True,False,False,True,False,False,1
20.0,20000.0,2023,11,19,False,False,True,True,False,False,False,False,True,False,2
430.0,430000.0,2023,11,18,False,False,True,False,False,False,True,True,False,False,0
20.0,20000.0,2023,11,18,False,False,True,True,False,False,False,True,False,False,2
10.0,10000.0,2023,11,18,False,False,True,True,False,False,False,True,False,False,2
0.0,0.0,2023,11,17,False,False,True,False,False,False,True,False,False,True,2
153.0,153000.0,2023,11,17,True,False,False,False,False,False,True,True,False,False,3
10.0,10000.0,2023,11,17,False,False,True,True,False,False,False,True,False,False,2
35.0,35000.0,2023,11,17,False,False,True,False,True,False,False,True,False,False,1
35.0,35000.0,2023,11,16,False,False,True,False,True,False,False,True,False,False,1
10.0,10000.0,2023,11,16,False,False,True,True,False,False,False,True,False,False,2
20.0,20000.0,2023,11,16,False,False,True,True,False,False,False,True,False,False,2
35.0,35000.0,2023,11,16,False,False,True,False,True,False,False,True,False,False,1
0.0,0.0,2023,11,16,False,False,True,False,False,False,True,False,False,True,2
35.0,35000.0,2023,11,15,False,False,True,False,False,False,True,True,False,False,1
13.2,13200.0,2023,11,14,False,False,True,False,False,False,True,False,True,False,2
20.0,20000.0,2023,11,14,False,False,True,True,False,False,False,True,False,False,2
20.0,20000.0,2023,11,14,False,False,True,True,False,False,False,True,False,False,2
100.0,100000.0,2023,11,13,True,False,False,False,False,False,True,True,False,False,3
35.0,35000.0,2023,11,13,False,False,True,False,False,False,True,True,False,False,1
70.0,70000.0,2023,11,12,False,True,False,False,False,False,True,True,False,False,1
35.0,35000.0,2023,11,12,True,False,False,False,False,False,True,True,False,False,1
35.0,35000.0,2023,11,12,True,False,False,False,False,False,True,True,False,False,1
105.0,105000.0,2023,11,11,False,True,False,False,False,False,True,True,False,False,3
140.0,140000.0,2023,11,11,False,True,False,False,False,False,True,True,False,False,3
10.0,10000.0,2023,11,11,False,False,True,True,False,False,False,True,False,False,2
20.0,20000.0,2023,11,11,False,False,True,True,False,False,False,True,False,False,2
150.0,150000.0,2023,11,10,True,False,False,False,False,False,True,True,False,False,3
10.0,10000.0,2023,11,10,False,False,True,True,False,False,False,True,False,False,2
35.0,35000.0,2023,11,10,False,False,True,False,True,False,False,True,False,False,1
35.0,35000.0,2023,11,10,False,False,True,False,True,False,False,True,False,False,1
35.0,35000.0,2023,11,9,False,False,True,False,True,False,False,True,False,False,1
35.0,35000.0,2023,11,9,False,False,True,False,True,False,False,True,False,False,1
10.0,10000.0,2023,11,9,False,False,True,True,False,False,False,True,False,False,2
35.0,35000.0,2023,11,8,False,False,True,False,True,False,False,True,False,False,1
35.0,35000.0,2023,11,8,False,False,True,False,True,False,False,True,False,False,1
220.0,220000.0,2023,11,8,True,False,False,False,False,False,True,True,False,False,3
10.0,10000.0,2023,11,8,False,True,False,False,False,False,True,True,False,False,2
0.0,0.0,2023,11,8,False,False,True,False,False,False,True,False,False,True,2
35.0,35000.0,2023,11,7,False,False,True,False,True,False,False,True,False,False,1
774.0,774000.0,2023,11,7,True,False,False,False,False,False,True,True,False,False,0
35.0,35000.0,2023,11,7,False,False,True,False,True,False,False,True,False,False,1
44.0,44000.0,2023,11,7,False,False,True,False,False,False,True,True,False,False,1
35.0,35000.0,2023,11,6,False,False,True,False,True,False,False,True,False,False,1
25.0,25000.0,2023,11,5,True,False,False,False,False,False,True,True,False,False,1
30.0,30000.0,2023,11,5,False,False,True,False,False,False,True,True,False,False,1
140.0,140000.0,2023,11,4,False,True,False,False,False,False,True,True,False,False,3
385.0,385000.0,2023,11,4,True,False,False,False,False,False,True,True,False,False,0
650.0,650000.0,2023,11,4,False,True,False,False,False,False,True,True,False,False,0
35.0,35000.0,2023,11,3,True,False,False,False,False,False,True,False,True,False,1
104.0,104000.0,2023,11,3,True,False,False,False,False,False,True,True,False,False,3
35.0,35000.0,2023,11,3,False,False,True,False,True,False,False,True,False,False,1
35.0,35000.0,2023,11,2,True,False,False,False,False,False,True,True,False,False,1
35.0,35000.0,2023,11,2,False,False,True,False,True,False,False,True,False,False,1
35.0,35000.0,2023,11,1,True,False,False,False,False,False,True,True,False,False,1
520.0,520000.0,2023,11,1,False,True,False,False,False,False,True,True,False,False,0
0.0,0.0,2023,11,1,False,False,True,False,False,False,True,False,False,True,2
35.0,35000.0,2023,11,1,False,False,True,False,True,False,False,True,False,False,1
10.0,10000.0,2023,11,1,False,False,True,True,False,False,False,True,False,False,2
10.0,10000.0,2023,11,1,False,False,True,True,False,False,False,True,False,False,2
4.0,4000.0,2023,11,1,True,False,False,False,False,False,True,True,False,False,2
35.0,35000.0,2023,10,31,True,False,False,False,False,False,True,False,True,False,1
10.0,10000.0,2023,10,31,False,False,True,True,False,False,False,True,False,False,2
35.0,35000.0,2023,10,31,False,False,True,False,True,False,False,True,False,False,1
20.0,20000.0,2023,10,30,False,False,True,True,False,False,False,True,False,False,2
20.0,20000.0,2023,10,30,False,False,True,True,False,False,False,True,False,False,2
30.0,30000.0,2023,10,28,False,True,False,False,False,False,True,True,False,False,1
35.0,35000.0,2023,10,27,False,False,True,False,True,False,False,True,False,False,1
10.0,10000.0,2023,10,27,False,False,True,True,False,False,False,True,False,False,2
0.0,0.0,2023,10,27,False,False,True,False,False,False,True,False,False,True,2
35.0,35000.0,2023,10,26,False,False,True,False,True,False,False,True,False,False,1
10.0,10000.0,2023,10,26,False,False,True,True,False,False,False,True,False,False,2
200.0,200000.0,2023,10,26,True,False,False,False,False,False,True,True,False,False,3
10.0,10000.0,2023,10,26,False,False,True,True,False,False,False,True,False,False,2
35.0,35000.0,2023,10,25,False,False,True,False,True,False,False,True,False,False,1
44.0,44000.0,2023,10,25,False,False,True,True,False,False,False,True,False,False,1
60.0,60000.0,2023,10,25,True,False,False,False,False,False,True,True,False,False,1
470.82,470820.0,2023,10,25,True,False,False,False,False,False,True,True,False,False,0
600.0,600000.0,2023,10,25,True,False,False,False,False,False,True,False,True,False,0
356.0,356000.0,2023,10,24,False,True,False,False,False,False,True,True,False,False,0
200.0,200000.0,2023,10,24,True,False,False,False,False,False,True,False,True,False,3
140.0,140000.0,2023,10,24,False,True,False,False,False,False,True,True,False,False,3
440.0,440000.0,2023,10,24,False,False,True,False,False,False,True,True,False,False,0
40.0,40000.0,2023,10,24,True,False,False,False,False,False,True,True,False,False,1
74.0,74000.0,2023,10,23,False,False,True,False,False,False,True,True,False,False,1
10.0,10000.0,2023,10,23,True,False,False,False,False,False,True,True,False,False,2
160.0,160000.0,2023,10,22,False,True,False,False,False,False,True,True,False,False,3
60.0,60000.0,2023,10,22,True,False,False,False,False,False,True,False,True,False,1
259.0,259000.0,2023,10,22,True,False,False,False,False,False,True,True,False,False,3
30.0,30000.0,2023,10,22,False,False,True,True,False,False,False,True,False,False,1
20.0,20000.0,2023,10,22,False,False,True,True,False,False,False,True,False,False,2
30.0,30000.0,2023,10,22,False,True,False,False,False,False,True,True,False,False,1
50.0,50000.0,2023,10,22,True,False,False,True,False,False,False,True,False,False,1
30.0,30000.0,2023,10,21,False,True,False,True,False,False,False,True,False,False,1
20.0,20000.0,2023,10,21,False,False,True,True,False,False,False,True,False,False,2
30.0,30000.0,2023,10,20,False,False,True,True,False,False,False,True,False,False,1
10.0,10000.0,2023,10,20,False,False,True,False,True,False,False,True,False,False,2
35.0,35000.0,2023,10,20,False,False,True,False,True,False,False,True,False,False,1
35.0,35000.0,2023,10,20,False,False,True,False,True,False,False,True,False,False,1
30.0,30000.0,2023,10,20,False,False,True,True,False,False,False,True,False,False,1
45.0,45000.0,2023,10,19,False,False,True,False,True,False,False,True,False,False,1
35.0,35000.0,2023,10,19,False,False,True,False,True,False,False,True,False,False,1
0.0,0.0,2023,10,18,False,False,True,False,False,False,True,False,False,True,2
30.0,30000.0,2023,10,18,False,True,False,True,False,False,False,True,False,False,1
0.0,0.0,2023,10,18,False,False,True,False,False,False,True,False,False,True,2
10.0,10000.0,2023,10,18,False,False,True,True,False,False,False,True,False,False,2
35.0,35000.0,2023,10,18,False,False,True,False,True,False,False,True,False,False,1
20.0,20000.0,2023,10,18,False,False,True,False,False,False,True,False,True,False,2
0.0,0.0,2023,10,18,False,False,True,False,False,False,True,False,False,True,2
111.0,111000.0,2023,10,17,True,False,False,False,False,False,True,True,False,False,3
10.0,10000.0,2023,10,17,False,False,True,True,False,False,False,True,False,False,2
10.0,10000.0,2023,10,17,False,False,True,True,False,False,False,True,False,False,2
35.0,35000.0,2023,10,17,False,False,True,False,False,False,True,True,False,False,1
35.0,35000.0,2023,10,17,True,False,False,False,False,False,True,True,False,False,1
35.0,35000.0,2023,10,17,True,False,False,False,False,False,True,True,False,False,1
35.0,35000.0,2023,10,16,True,False,False,False,False,False,True,False,True,False,1
35.0,35000.0,2023,10,15,False,False,True,False,False,False,True,True,False,False,1
8.0,8000.0,2023,10,15,False,False,True,True,False,False,False,False,True,False,2
20.0,20000.0,2023,10,6,False,False,True,True,False,False,False,True,False,False,2
20.0,20000.0,2023,10,6,False,False,True,True,False,False,False,True,False,False,2
20.0,20000.0,2023,10,5,False,False,True,True,False,False,False,True,False,False,2
90.0,90000.0,2023,10,5,True,False,False,True,False,False,False,False,True,False,1
20.0,20000.0,2023,10,3,False,False,True,True,False,False,False,True,False,False,2
10.0,10000.0,2023,10,3,False,False,True,True,False,False,False,True,False,False,2
500.0,500000.0,2023,9,30,True,False,False,False,False,False,True,True,False,False,0
55.0,55000.0,2023,9,30,False,True,False,False,False,False,True,True,False,False,1
30.0,30000.0,2023,9,29,False,False,True,True,False,False,False,True,False,False,1
500.0,500000.0,2023,9,28,True,False,False,False,False,False,True,True,False,False,0
70.0,70000.0,2023,9,28,False,True,False,False,False,False,True,True,False,False,1
4.0,4000.0,2023,9,28,False,False,True,True,False,False,False,True,False,False,2
35.0,35000.0,2023,9,28,True,False,False,False,False,False,True,True,False,False,1
20.0,20000.0,2023,9,28,True,False,False,True,False,False,False,True,False,False,2
20.0,20000.0,2023,9,27,False,False,True,True,False,False,False,True,False,False,2
40.0,40000.0,2023,9,27,True,False,False,False,False,False,True,True,False,False,1
3.0,3000.0,2023,9,25,True,False,False,False,False,False,True,False,True,False,2
25.0,25000.0,2023,9,25,False,True,False,False,False,False,True,True,False,False,1
20.0,20000.0,2023,9,25,False,True,False,False,False,False,True,True,False,False,2
20.0,20000.0,2023,9,25,False,False,True,False,False,False,True,True,False,False,2
10.0,10000.0,2023,9,25,False,False,True,True,False,False,False,True,False,False,2
259.0,259000.0,2023,9,23,True,False,False,False,False,False,True,True,False,False,3
20.0,20000.0,2023,9,23,False,False,True,False,False,False,True,True,False,False,2
40.0,40000.0,2023,9,23,False,False,True,True,False,False,False,True,False,False,1
20.0,20000.0,2023,9,23,False,False,True,True,False,False,False,True,False,False,2
10.0,10000.0,2023,9,23,False,False,True,True,False,False,False,True,False,False,2
50.0,50000.0,2023,9,23,True,False,False,False,False,False,True,True,False,False,1
20.0,20000.0,2023,9,22,False,False,True,True,False,False,False,True,False,False,2
35.0,35000.0,2023,9,21,False,False,True,False,False,False,True,False,True,False,1
20.0,20000.0,2023,9,20,False,False,True,True,False,False,False,True,False,False,2
5.0,5000.0,2023,9,19,True,False,False,False,False,False,True,True,False,False,2
20.0,20000.0,2023,9,19,False,False,True,True,False,False,False,True,False,False,2
10.0,10000.0,2023,9,19,False,False,True,True,False,False,False,True,False,False,2
25.0,25000.0,2023,9,18,True,False,False,True,False,False,False,True,False,False,1
30.0,30000.0,2023,9,16,False,True,False,False,False,False,True,True,False,False,1
100.0,100000.0,2023,9,15,False,True,False,True,False,False,False,True,False,False,3
45.0,45000.0,2023,9,15,False,False,True,True,False,False,False,True,False,False,1
0.0,0.0,2023,9,15,False,False,True,False,False,False,True,False,False,True,2
30.0,30000.0,2023,9,15,False,True,False,False,False,False,True,False,True,False,1
10.0,10000.0,2023,9,15,False,False,True,False,False,False,True,True,False,False,2
60.0,60000.0,2023,9,15,False,True,False,False,False,False,True,True,False,False,1
10.0,10000.0,2023,9,14,False,False,True,True,False,False,False,True,False,False,2
30.0,30000.0,2023,9,14,False,False,True,False,False,False,True,True,False,False,1
30.0,30000.0,2023,9,14,False,True,False,False,False,False,True,True,False,False,1
56.0,56000.0,2023,9,14,True,False,False,False,False,False,True,True,False,False,1
10.0,10000.0,2023,9,14,False,False,True,True,False,False,False,True,False,False,2
20.0,20000.0,2023,9,13,False,False,True,True,False,False,False,True,False,False,2
20.0,20000.0,2023,9,11,False,False,True,True,False,False,False,True,False,False,2
10.0,10000.0,2023,9,11,False,False,True,True,False,False,False,True,False,False,2
20.0,20000.0,2023,9,11,False,False,True,True,False,False,False,True,False,False,2
140.0,140000.0,2023,9,10,False,True,False,False,False,False,True,True,False,False,3
20.0,20000.0,2023,9,9,False,False,True,True,False,False,False,True,False,False,2
64.0,64000.0,2023,9,8,False,False,True,False,False,False,True,True,False,False,1
0.0,0.0,2023,9,8,False,False,True,False,False,False,True,False,False,True,2
20.0,20000.0,2023,9,8,False,False,True,True,False,False,False,True,False,False,2
10.0,10000.0,2023,9,8,False,False,True,True,False,False,False,True,False,False,2
30.0,30000.0,2023,9,7,False,True,False,True,False,False,False,True,False,False,1
10.0,10000.0,2023,9,6,False,False,True,True,False,False,False,True,False,False,2
20.0,20000.0,2023,9,6,False,False,True,True,False,False,False,True,False,False,2
35.0,35000.0,2023,9,6,False,False,True,False,False,False,True,False,True,False,1
10.0,10000.0,2023,8,23,False,False,True,True,False,False,False,True,False,False,2
20.0,20000.0,2023,8,22,False,False,True,True,False,False,False,True,False,False,2
430.0,430000.0,2023,8,21,False,False,True,True,False,False,False,True,False,False,0
20.0,20000.0,2023,8,21,False,False,True,True,False,False,False,True,False,False,2
30.0,30000.0,2023,8,21,False,False,True,True,False,False,False,True,False,False,1
20.0,20000.0,2023,8,21,False,False,True,True,False,False,False,True,False,False,2
50.0,50000.0,2023,8,21,True,False,False,True,False,False,False,False,True,False,1
10.0,10000.0,2023,8,18,True,False,False,True,False,False,False,True,False,False,2
20.0,20000.0,2023,8,18,False,False,True,True,False,False,False,True,False,False,2
600.0,600000.0,2023,8,18,True,False,False,True,False,False,False,False,True,False,0
10.0,10000.0,2023,8,18,False,False,True,True,False,False,False,True,False,False,2
20.0,20000.0,2023,8,17,False,False,True,True,False,False,False,True,False,False,2
20.0,20000.0,2023,8,17,True,False,False,False,False,False,True,True,False,False,2
50.0,50000.0,2023,8,16,True,False,False,False,False,False,True,True,False,False,1
40.0,40000.0,2023,8,16,False,True,False,False,False,False,True,True,False,False,1
50.0,50000.0,2023,8,16,True,False,False,False,False,False,True,False,True,False,1
60.0,60000.0,2023,8,16,False,True,False,False,False,False,True,True,False,False,1
20.0,20000.0,2023,8,16,False,False,True,True,False,False,False,True,False,False,2
20.0,20000.0,2023,8,16,False,False,True,True,False,False,False,True,False,False,2
20.0,20000.0,2023,8,16,False,False,True,True,False,False,False,True,False,False,2
10.0,10000.0,2023,8,15,False,False,True,True,False,False,False,True,False,False,2
10.0,10000.0,2023,8,14,False,False,True,True,False,False,False,True,False,False,2
15.0,15000.0,2023,8,14,False,True,False,False,False,False,True,True,False,False,2
20.0,20000.0,2023,8,14,False,False,True,True,False,False,False,True,False,False,2
10.0,10000.0,2023,8,12,False,False,True,True,False,False,False,True,False,False,2
20.0,20000.0,2023,8,11,False,False,True,True,False,False,False,True,False,False,2
200.0,200000.0,2023,8,10,False,False,True,True,False,False,False,False,True,False,3
20.0,20000.0,2023,8,10,False,False,True,True,False,False,False,True,False,False,2
20.0,20000.0,2023,8,9,False,False,True,True,False,False,False,True,False,False,2
30.0,30000.0,2023,8,8,False,True,False,False,False,False,True,True,False,False,1
20.0,20000.0,2023,8,8,False,False,True,True,False,False,False,True,False,False,2
10.0,10000.0,2023,8,7,False,False,True,True,False,False,False,True,False,False,2
20.0,20000.0,2023,8,5,False,False,True,False,False,False,True,True,False,False,2
40.0,40000.0,2023,8,5,False,False,True,True,False,False,False,True,False,False,1
20.0,20000.0,2023,8,4,False,True,False,False,False,False,True,True,False,False,2
10.0,10000.0,2023,8,4,False,False,True,True,False,False,False,True,False,False,2
470.0,470000.0,2023,8,2,True,False,False,False,False,False,True,True,False,False,0
10.0,10000.0,2023,7,31,False,False,True,False,False,False,True,True,False,False,2
20.0,20000.0,2023,7,31,False,False,True,True,False,False,False,True,False,False,2
10.0,10000.0,2023,7,31,False,False,True,True,False,False,False,True,False,False,2
120.0,120000.0,2023,7,29,False,True,False,False,False,False,True,True,False,False,3
30.0,30000.0,2023,7,28,False,False,True,True,False,False,False,True,False,False,1
10.0,10000.0,2023,7,28,False,False,True,True,False,False,False,True,False,False,2
10.0,10000.0,2023,7,28,False,False,True,True,False,False,False,True,False,False,2
10.0,10000.0,2023,7,27,False,False,True,True,False,False,False,True,False,False,2
20.0,20000.0,2023,7,24,False,False,True,True,False,False,False,True,False,False,2
100.0,100000.0,2023,7,24,False,False,True,True,False,False,False,False,True,False,3
20.0,20000.0,2023,7,23,True,False,False,True,False,False,False,True,False,False,2
5.0,5000.0,2023,7,22,True,False,False,False,False,False,True,True,False,False,2
259.0,259000.0,2023,7,21,True,False,False,False,False,False,True,True,False,False,3
10.0,10000.0,2023,7,19,False,False,True,True,False,False,False,True,False,False,2
10.0,10000.0,2023,7,19,False,False,True,True,False,False,False,True,False,False,2
35.0,35000.0,2023,7,18,False,False,True,False,False,False,True,False,True,False,1
48.0,48000.0,2023,7,18,True,False,False,False,False,False,True,True,False,False,1
20.0,20000.0,2023,7,14,False,False,True,True,False,False,False,True,False,False,2
80.0,80000.0,2023,7,14,False,True,False,False,False,False,True,True,False,False,1
10.0,10000.0,2023,7,13,False,False,True,False,False,False,True,True,False,False,2
95.0,95000.0,2023,7,13,False,False,True,False,True,False,False,True,False,False,3
10.0,10000.0,2023,7,13,True,False,False,False,False,False,True,True,False,False,2
10.0,10000.0,2023,7,12,False,False,True,True,False,False,False,True,False,False,2
20.0,20000.0,2023,7,12,False,True,False,True,False,False,False,True,False,False,2
50.0,50000.0,2023,7,12,False,True,False,False,False,False,True,True,False,False,1
20.0,20000.0,2023,7,12,False,False,True,True,False,False,False,True,False,False,2
20.0,20000.0,2023,7,10,False,False,True,True,False,False,False,True,False,False,2
10.0,10000.0,2023,7,5,False,False,True,True,False,False,False,True,False,False,2
20.0,20000.0,2023,7,5,False,False,True,True,False,False,False,True,False,False,2
210.0,210000.0,2023,7,4,False,False,True,True,False,False,False,False,True,False,3
10.0,10000.0,2023,7,4,True,False,False,False,False,False,True,True,False,False,2
84.0,84000.0,2023,7,4,False,False,True,False,False,False,True,False,True,False,1
60.0,60000.0,2023,6,13,False,True,False,False,False,False,True,True,False,False,1
20.0,20000.0,2023,6,12,False,True,False,False,False,False,True,True,False,False,2
35.0,35000.0,2023,6,11,True,False,False,False,False,False,True,True,False,False,1
180.0,180000.0,2023,6,10,True,False,False,False,False,False,True,True,False,False,3
0.0,0.0,2023,6,10,False,False,True,False,False,False,True,False,False,True,2
35.0,35000.0,2023,6,10,True,False,False,False,False,False,True,False,True,False,1
10.0,10000.0,2023,6,10,False,False,True,True,False,False,False,True,False,False,2
10.0,10000.0,2023,6,9,False,False,True,True,False,False,False,True,False,False,2
3.0,3000.0,2023,6,9,False,False,True,True,False,False,False,False,True,False,2
20.0,20000.0,2023,6,9,False,False,True,True,False,False,False,True,False,False,2
50.0,50000.0,2023,6,9,False,False,True,True,False,False,False,True,False,False,1
10.0,10000.0,2023,6,8,False,False,True,True,False,False,False,True,False,False,2
20.0,20000.0,2023,6,7,False,True,False,False,False,False,True,True,False,False,2
800.0,800000.0,2023,6,7,True,False,False,False,False,False,True,True,False,False,0
20.0,20000.0,2023,6,7,False,False,True,True,False,False,False,True,False,False,2
360.0,360000.0,2023,6,7,True,False,False,False,False,False,True,True,False,False,0
0.0,0.0,2023,6,6,False,False,True,False,False,False,True,False,False,True,2
60.0,60000.0,2023,6,6,False,False,True,True,False,False,False,True,False,False,1
100.0,100000.0,2023,6,6,False,False,True,True,False,False,False,True,False,False,3
20.0,20000.0,2023,6,6,False,False,True,False,False,False,True,True,False,False,2
20.0,20000.0,2023,6,5,False,False,True,False,False,False,True,True,False,False,2
10.0,10000.0,2023,6,5,False,True,False,False,False,False,True,True,False,False,2
25.0,25000.0,2023,6,5,False,True,False,False,False,False,True,True,False,False,1
20.0,20000.0,2023,6,5,False,False,True,False,False,False,True,True,False,False,2
40.0,40000.0,2023,6,4,False,False,True,False,False,False,True,True,False,False,1
20.0,20000.0,2023,6,3,False,True,False,False,False,False,True,True,False,False,2
20.0,20000.0,2023,6,3,False,True,False,False,False,False,True,True,False,False,2
30.0,30000.0,2023,6,2,False,False,True,True,False,False,False,True,False,False,1
10.0,10000.0,2023,6,1,False,False,True,True,False,False,False,True,False,False,2
53.27,53270.0,2023,6,1,True,False,False,False,False,False,True,True,False,False,1
10.0,10000.0,2023,5,31,False,False,True,True,False,False,False,True,False,False,2
20.0,20000.0,2023,5,31,False,False,True,True,False,False,False,True,False,False,2
20.0,20000.0,2023,5,30,False,False,True,True,False,False,False,True,False,False,2
10.0,10000.0,2023,5,30,False,False,True,True,False,False,False,True,False,False,2
20.0,20000.0,2023,5,29,False,True,False,False,False,False,True,True,False,False,2
20.0,20000.0,2023,5,29,False,False,True,False,False,False,True,True,False,False,2
7.0,7000.0,2023,5,28,False,False,True,True,False,False,False,False,True,False,2
153.0,153000.0,2023,5,28,False,False,True,True,False,False,False,False,True,False,3
35.0,35000.0,2023,5,28,True,False,False,False,False,False,True,True,False,False,1
30.0,30000.0,2023,5,27,False,True,False,False,False,False,True,True,False,False,1
35.0,35000.0,2023,5,26,False,False,True,False,False,False,True,True,False,False,1
10.0,10000.0,2023,5,25,False,False,True,True,False,False,False,True,False,False,2
20.0,20000.0,2023,5,25,False,False,True,True,False,False,False,True,False,False,2
25.0,25000.0,2023,5,24,False,True,False,False,False,False,True,True,False,False,1
20.0,20000.0,2023,5,24,False,False,True,True,False,False,False,True,False,False,2
50.0,50000.0,2023,5,23,False,False,True,True,False,False,False,True,False,False,1
10.0,10000.0,2023,5,23,False,False,True,True,False,False,False,True,False,False,2
10.0,10000.0,2023,5,23,False,False,True,True,False,False,False,True,False,False,2
10.0,10000.0,2023,5,23,False,False,True,True,False,False,False,True,False,False,2
259.0,259000.0,2023,5,21,True,False,False,False,False,False,True,True,False,False,3
150.0,150000.0,2023,5,20,False,False,True,False,False,False,True,False,True,False,3
100.0,100000.0,2023,5,20,False,True,False,False,False,False,True,True,False,False,3
30.0,30000.0,2023,5,20,False,True,False,False,False,False,True,True,False,False,1
35.0,35000.0,2023,5,20,False,False,True,False,False,False,True,False,True,False,1
10.0,10000.0,2023,5,20,False,False,True,True,False,False,False,True,False,False,2
430.0,430000.0,2023,5,19,False,False,True,True,False,False,False,True,False,False,0
0.0,0.0,2023,5,19,False,False,True,False,False,False,True,False,False,True,2
75.0,75000.0,2023,5,18,False,True,False,False,False,False,True,True,False,False,1
35.0,35000.0,2023,5,18,False,False,True,False,True,False,False,True,False,False,1
30.0,30000.0,2023,5,18,False,True,False,True,False,False,False,True,False,False,1
10.0,10000.0,2023,5,18,False,False,True,True,False,False,False,True,False,False,2
0.0,0.0,2023,5,18,False,False,True,False,False,False,True,False,False,True,2
30.0,30000.0,2023,5,17,False,False,True,True,False,False,False,True,False,False,1
20.0,20000.0,2023,5,16,False,False,True,True,False,False,False,True,False,False,2
30.0,30000.0,2023,5,16,False,True,False,True,False,False,False,True,False,False,1
30.0,30000.0,2023,5,14,False,False,True,True,False,False,False,False,True,False,1
631.0,631000.0,2023,5,14,False,False,True,False,False,False,True,True,False,False,0
35.0,35000.0,2023,5,13,False,False,True,False,False,False,True,False,True,False,1
40.0,40000.0,2023,5,13,False,True,False,False,False,False,True,True,False,False,1
10.0,10000.0,2023,5,13,False,True,False,False,False,False,True,True,False,False,2
20.0,20000.0,2023,5,13,False,False,True,True,False,False,False,True,False,False,2
20.0,20000.0,2023,5,12,False,False,True,False,False,False,True,True,False,False,2
20.0,20000.0,2023,5,11,False,False,True,True,False,False,False,True,False,False,2
20.0,20000.0,2023,5,10,False,False,True,True,False,False,False,True,False,False,2
15.0,15000.0,2023,5,10,False,True,False,True,False,False,False,True,False,False,2
10.0,10000.0,2023,5,9,False,False,True,True,False,False,False,True,False,False,2
40.0,40000.0,2023,5,9,False,False,True,True,False,False,False,False,True,False,1
10.0,10000.0,2023,5,9,False,False,True,True,False,False,False,True,False,False,2
10.0,10000.0,2023,5,8,False,False,True,True,False,False,False,True,False,False,2
20.0,20000.0,2023,5,8,False,False,True,True,False,False,False,True,False,False,2
8.0,8000.0,2023,5,7,True,False,False,False,False,False,True,True,False,False,2
30.0,30000.0,2023,5,7,False,True,False,False,False,False,True,True,False,False,1
10.0,10000.0,2023,5,6,False,False,True,True,False,False,False,True,False,False,2
20.0,20000.0,2023,5,6,False,False,True,True,False,False,False,True,False,False,2
50.43,50430.0,2023,5,5,True,False,False,False,False,False,True,False,True,False,1
40.0,40000.0,2023,5,5,False,True,False,True,False,False,False,False,True,False,1
70.0,70000.0,2023,5,5,False,True,False,False,False,False,True,True,False,False,1
20.0,20000.0,2023,5,4,False,False,True,True,False,False,False,True,False,False,2
35.0,35000.0,2023,5,3,False,False,True,False,True,False,False,True,False,False,1
20.0,20000.0,2023,5,3,False,False,True,True,False,False,False,True,False,False,2
20.0,20000.0,2023,5,3,False,False,True,True,False,False,False,True,False,False,2
0.0,0.0,2023,5,3,False,False,True,False,False,False,True,False,False,True,2
5.0,5000.0,2023,5,2,True,False,False,False,False,False,True,True,False,False,2
10.0,10000.0,2023,5,2,False,False,True,True,False,False,False,True,False,False,2
20.0,20000.0,2023,5,2,False,False,True,True,False,False,False,True,False,False,2
10.0,10000.0,2023,5,2,False,False,True,True,False,False,False,False,True,False,2
10.0,10000.0,2023,5,1,False,False,True,True,False,False,False,True,False,False,2
10.0,10000.0,2023,5,1,False,False,True,True,False,False,False,True,False,False,2
35.0,35000.0,2023,4,29,True,False,False,False,False,False,True,True,False,False,1
10.0,10000.0,2023,4,29,False,False,True,True,False,False,False,True,False,False,2
100.0,100000.0,2023,4,28,True,False,False,True,False,False,False,False,True,False,3
10.0,10000.0,2023,4,28,False,False,True,True,False,False,False,True,False,False,2
10.0,10000.0,2023,4,28,False,False,True,True,False,False,False,True,False,False,2
35.0,35000.0,2023,4,28,False,False,True,False,True,False,False,True,False,False,1
10.0,10000.0,2023,4,28,False,False,True,True,False,False,False,True,False,False,2
20.0,20000.0,2023,4,28,False,False,True,True,False,False,False,True,False,False,2
20.0,20000.0,2023,4,28,False,False,True,True,False,False,False,True,False,False,2
98.0,98000.0,2023,4,27,False,True,False,False,False,False,True,True,False,False,3
30.0,30000.0,2023,4,27,False,True,False,False,False,False,True,True,False,False,1
80.0,80000.0,2023,4,27,False,True,False,True,False,False,False,True,False,False,1
49.0,49000.0,2023,4,27,False,True,False,False,False,False,True,True,False,False,1
20.0,20000.0,2023,4,27,False,False,True,False,False,False,True,True,False,False,2
20.0,20000.0,2023,4,27,False,False,True,True,False,False,False,True,False,False,2
35.0,35000.0,2023,4,26,False,False,True,False,True,False,False,True,False,False,1
20.0,20000.0,2023,4,26,False,True,False,False,False,False,True,True,False,False,2
35.0,35000.0,2023,4,26,False,False,True,False,False,False,True,False,True,False,1
10.0,10000.0,2023,4,26,False,False,True,True,False,False,False,True,False,False,2
40.0,40000.0,2023,4,26,False,False,True,False,True,False,False,True,False,False,1
200.0,200000.0,2023,4,26,True,False,False,False,True,False,False,False,True,False,3
200.0,200000.0,2023,4,26,True,False,False,False,False,False,True,True,False,False,3
31.5,31500.0,2023,4,25,False,False,True,False,True,False,False,True,False,False,1
99.0,99000.0,2023,4,25,False,True,False,False,False,False,True,True,False,False,3
10.0,10000.0,2023,4,25,False,False,True,True,False,False,False,True,False,False,2
35.0,35000.0,2023,4,25,False,False,True,False,True,False,False,True,False,False,1
130.64,130640.0,2023,4,25,True,False,False,False,False,False,True,False,True,False,3
31.5,31500.0,2023,4,24,False,False,True,False,True,False,False,True,False,False,1
10.0,10000.0,2023,4,24,False,False,True,True,False,False,False,True,False,False,2
5.0,5000.0,2023,4,24,False,False,True,True,False,False,False,True,False,False,2
10.0,10000.0,2023,4,24,False,False,True,True,False,False,False,True,False,False,2
35.0,35000.0,2023,4,24,False,False,True,False,True,False,False,True,False,False,1
20.0,20000.0,2023,4,24,False,True,False,False,False,False,True,True,False,False,2
30.0,30000.0,2023,4,24,False,True,False,False,False,False,True,True,False,False,1
30.0,30000.0,2023,4,24,False,True,False,True,False,False,False,True,False,False,1
30.0,30000.0,2023,4,24,False,False,True,False,False,False,True,True,False,False,1
20.0,20000.0,2023,4,24,False,False,True,True,False,False,False,True,False,False,2
750.0,750000.0,2023,4,23,True,False,False,False,False,False,True,True,False,False,0
23.6,23600.0,2023,4,23,False,False,True,False,False,False,True,True,False,False,1
35.0,35000.0,2023,4,22,True,False,False,False,False,False,True,False,True,False,1
35.0,35000.0,2023,4,22,True,False,False,False,False,False,True,True,False,False,1
35.0,35000.0,2023,4,22,True,False,False,False,False,False,True,True,False,False,1
20.0,20000.0,2023,4,22,False,False,True,True,False,False,False,True,False,False,2
259.0,259000.0,2023,4,22,True,False,False,False,False,False,True,True,False,False,3
130.0,130000.0,2023,4,22,False,False,True,False,False,False,True,True,False,False,3
7.0,7000.0,2023,4,22,False,False,True,True,False,False,False,False,True,False,2
300.0,300000.0,2023,4,22,False,False,True,False,False,False,True,False,True,False,3
139.0,139000.0,2023,4,22,False,False,True,False,True,False,False,False,True,False,3
35.0,35000.0,2023,4,22,False,False,True,False,False,False,True,False,True,False,1
250.0,250000.0,2023,4,22,False,False,True,True,False,False,False,False,True,False,3
